무인교통단속카메라관리번호,시도명,시군구명,도로종류,도로노선번호,도로노선명,도로노선방향,소재지도로명주소,소재지지번주소,가나다,OBJECTID,위도,경도,설치장소,단속구분,제한속도,단속구간위치구분,과속단속구간길이,보호구역구분,설치연도,관리기관명,관리기관전화번호,데이터기준일자
덕진-5,전라북도,전주시 덕진구,시도,,저경단로,3,전라북도 전주시 덕진구 조경단로 103,전라북도 전주시 덕진구 금암동 1546-9,금암1동,2243,35.84339489,127.1385217,허병원 앞(사대부고사거리),4,0,,,,,전라북도 전주시청,063-281-2378,2022-06-15
덕진-56,전라북도,전주시 덕진구,시도,,태진로,3,전라북도 전주시 덕진구 태진로 125-30,전라북도 전주시 덕진구 금암동 1639-1,금암1동,2243,35.83324801,127.134215,휴엔하임아파트 정문 앞,4,0,,,,,전라북도 전주시청,063-281-2378,2022-06-15
덕진-114,전라북도,전주시 덕진구,시도,,팔달로,3,전라북도 전주시 덕진구 팔달로 371-1,전라북도 전주시 덕진구 금암동 453-4,금암1동,2243,35.83320572,127.136717,금암광장 방림교회 부근,4,0,,,,,전라북도 전주시청,063-281-2378,2022-06-15
덕진-115,전라북도,전주시 덕진구,시도,,팔달로,3,전라북도 전주시 덕진구 팔달로 387-1,전라북도 전주시 덕진구 금암동 454-1,금암1동,2243,35.83440491,127.1357822,금암광장 안경나라 부근,4,0,,,,,전라북도 전주시청,063-281-2378,2022-06-15
덕진-2,전라북도,전주시 덕진구,시도,,가리내로,3,전라북도 전주시 덕진구 가리내로 15,전라북도 전주시 덕진구 금암동 457-25,금암1동,2243,35.83418024,127.1344888,금암휴엔하임입구(터미널옆),4,0,,,,,전라북도 전주시청,063-281-2378,2022-06-15
덕진방-1,전라북도,전주시 덕진구,시도,,권삼득로,3,전라북도 전주시 덕진구 권삼득로 210,전라북도 전주시 덕진구 금암동 544-3,금암1동,2243,35.83809479,127.1368539,금암초등학교 정문,4,0,,,,,전라북도 전주시청,063-281-2378,2022-06-15
덕진-1,전라북도,전주시 덕진구,시도,,권삼득로,3,전라북도 전주시 덕진구 권삼득로 309,전라북도 전주시 덕진구 금암동 664-43,금암1동,2243,35.84351171,127.128024,전북대구정문(실내체육관),4,0,,,,,전라북도 전주시청,063-281-2378,2022-06-15
덕진-3,전라북도,전주시 덕진구,시도,,가리내로,3,전라북도 전주시 덕진구 가리내로 31,전라북도 전주시 덕진구 금암동 706-6,금암1동,2243,35.83399361,127.1326802,시외버스터미널,4,0,,,,,전라북도 전주시청,063-281-2378,2022-06-15
덕진-4,전라북도,전주시 덕진구,시도,,기린대로,3,전라북도 전주시 덕진구 기린대로 450,전라북도 전주시 덕진구 금암동 708-15,금암1동,2243,35.84094697,127.1280506,종합경기장 앞(일양병원),4,0,,,,,전라북도 전주시청,063-281-2378,2022-06-15
덕진-7,전라북도,전주시 덕진구,시도,,전주천동로,3,전라북도 전주시 덕진구 가리내로 70,전라북도 전주시 덕진구 금암동 767-9,금암1동,2243,35.8344949,127.1292818,고속버스터미널,4,0,,,,,전라북도 전주시청,063-281-2378,2022-06-15
덕진-6,전라북도,전주시 덕진구,시도,,건지로,3,전라북도 전주시 덕진구 건지로 7,전라북도 전주시 덕진구 금암동 1593-3,금암2동,2244,35.84423712,127.1422913,전북대병원 정문,4,0,,,,,전라북도 전주시청,063-281-2378,2022-06-15
완산노-2,전라북도,전주시 덕진구,시도,,관선1길 60,3,전라북도 전주시 완산구 관선1길 60,전라북도 전주시 완산구 남노송동 156-13,노송동,2237,35.81904744,127.1572408,기린봉 노인복지관,4,0,,,,,전라북도 전주시청,063-281-2378,2022-06-15
완산어-13,전라북도,전주시 덕진구,시도,,견훤왕궁로,3,전라북도 전주시 완산구 견훤왕궁로 16,전라북도 전주시 완산구 남노송동 507-1,노송동,2237,35.82100253,127.1541845,풍남초등학교 정문,4,0,,,,,전라북도 전주시청,063-281-2378,2022-06-15
완산-151,전라북도,전주시 완산구,시도,,현무1길,3,전라북도 전주시 완산구 현무1길 40,전라북도 전주시 완산구 서노송동 560-6,노송동,2237,35.82252657,127.1476473,카톨릭센터(베스트웨스턴호텔),4,0,,,,,전라북도 전주시청,063-281-2378,2022-06-15
완산-11,전라북도,전주시 완산구,시도,,기린대로,3,전라북도 전주시 완산구 기린대로 213,전라북도 전주시 완산구 서노송동 568-95,노송동,2237,35.82573592,127.146347,대우빌딩 앞(거마로에서이설),4,0,,,,,전라북도 전주시청,063-281-2378,2022-06-15
완산-12,전라북도,전주시 완산구,시도,,팔달로,3,전라북도 전주시 완산구 팔달로 222,전라북도 전주시 완산구 서노송동 611-3,노송동,2237,35.82213335,127.1458742,오거리 국민은행 사거리,4,0,,,,,전라북도 전주시청,063-281-2378,2022-06-15
완산-13,전라북도,전주시 완산구,시도,,팔달로,3,,전라북도 전주시 완산구 서노송동 641-2,노송동,2237,35.82499085,127.1443518,세이브존(구 코아),4,0,,,,,전라북도 전주시청,063-281-2378,2022-06-15
완산노-4,전라북도,전주시 덕진구,시도,,공북로 101,3,전라북도 전주시 완산구 공북로 101,전라북도 전주시 완산구 서노송동 651-18,노송동,2237,35.82665337,127.143008,노송천 노인복지관,4,0,,,,,전라북도 전주시청,063-281-2378,2022-06-15
완산-146,전라북도,전주시 완산구,시도,,권삼득로,3,전라북도 전주시 완산구 권삼득로 46-2,전라북도 전주시 완산구 서노송동 706-23,노송동,2237,35.82634903,127.147984,서노송예술촌,4,0,,,,,전라북도 전주시청,063-281-2378,2022-06-15
완산방-2,전라북도,전주시 덕진구,시도,,물왕벌로,3,전라북도 전주시 완산구 물왕멀로 72,전라북도 전주시 완산구 중노송동 399-1,노송동,2237,35.82952144,127.1524688,동초등학교 정문,4,0,,,,,전라북도 전주시청,063-281-2378,2022-06-15
완산-98,전라북도,전주시 완산구,시도,,견훤왕궁1길,3,,전라북도 전주시 완산구 중노송동 414-14,노송동,2237,35.8281033,127.1514424,서해그랑블 정문 앞,4,0,,,,,전라북도 전주시청,063-281-2378,2022-06-15
완산-99,전라북도,전주시 완산구,시도,,물왕벌로,3,,전라북도 전주시 완산구 중노송동 414-14,노송동,2237,35.8281033,127.1514424,서해그랑블 107동 앞,4,0,,,,,전라북도 전주시청,063-281-2378,2022-06-15
완산-25,전라북도,전주시 완산구,시도,,아중로,3,전라북도 전주시 완산구 아중로 10-5,전라북도 전주시 완산구 중노송동 500-1,노송동,2237,35.82296992,127.1514004,전고앞(파란),4,0,,,,,전라북도 전주시청,063-281-2378,2022-06-15
덕진-8,전라북도,전주시 덕진구,시도,,명륜4길,3,전라북도 전주시 덕진구 명륜4길 15,전라북도 전주시 덕진구 덕진동1가 1261-30,덕진동,2242,35.843243,127.1265344,전북대구정문(일방로),4,0,,,,,전라북도 전주시청,063-281-2378,2022-06-15
덕진-9,전라북도,전주시 덕진구,시도,,기린대로,3,전라북도 전주시 덕진구 기린대로 473,전라북도 전주시 덕진구 덕진동1가 1267-13,덕진동,2242,35.84197158,127.1257765,전북대 지하보도,4,0,,,,,전라북도 전주시청,063-281-2378,2022-06-15
덕진방-5,전라북도,전주시 덕진구,시도,,들사평로,3,전라북도 전주시 덕진구 들사평로 61,전라북도 전주시 덕진구 덕진동1가 1272-2,덕진동,2242,35.84126266,127.1242898,덕진초등학교 정문,4,0,,,,,전라북도 전주시청,063-281-2378,2022-06-15
덕진-10,전라북도,전주시 덕진구,시도,,덕진광장로,3,전라북도 전주시 덕진구 덕진광장로 3,전라북도 전주시 덕진구 덕진동1가 1278-2,덕진동,2242,35.84419534,127.1240375,덕진광장 공영주차장 앞,4,0,,,,,전라북도 전주시청,063-281-2378,2022-06-15
덕진-11,전라북도,전주시 덕진구,시도,,권삼득로,3,전라북도 전주시 덕진구 권삼득로 390,전라북도 전주시 덕진구 덕진동1가 1316-2,덕진동,2242,35.84749476,127.1210312,덕진공원(동),4,0,,,,,전라북도 전주시청,063-281-2378,2022-06-15
덕진-12,전라북도,전주시 덕진구,시도,,사평로,3,전라북도 전주시 덕진구 사평로 55,전라북도 전주시 덕진구 덕진동1가 1403-31,덕진동,2242,35.84235353,127.1221045,777타이어 앞(법원),4,0,,,,,전라북도 전주시청,063-281-2378,2022-06-15
덕진-72,전라북도,전주시 덕진구,시도,,소리로,3,전라북도 전주시 덕진구 소리로 6,전라북도 전주시 덕진구 덕진동1가 640,덕진동,2242,35.85343981,127.1357034,실내배드민턴장 앞 삼거리,4,0,,,,,전라북도 전주시청,063-281-2378,2022-06-15
덕진-62,전라북도,전주시 덕진구,시도,,권삼득로,3,전라북도 전주시 덕진구 백제대로 567,전라북도 전주시 덕진구 덕진동1가 664-14,덕진동,2242,35.8411407,127.13159,전북대 구정문 앞,4,0,,,,,전라북도 전주시청,063-281-2378,2022-06-15
덕진-14,전라북도,전주시 덕진구,시도,,권삼득로,3,전라북도 전주시 덕진구 권삼득로 327,전라북도 전주시 덕진구 덕진동1가 664-48,덕진동,2242,35.84446647,127.1264291,전북대구정문(서쪽),4,0,,,,,전라북도 전주시청,063-281-2378,2022-06-15
덕진-15,전라북도,전주시 덕진구,시도,,창포길,3,전라북도 전주시 덕진구 덕암길 1,전라북도 전주시 덕진구 덕진동1가 산 40-6,덕진동,2242,35.85059646,127.1231252,덕암마을,4,0,,,,,전라북도 전주시청,063-281-2378,2022-06-15
덕진-99,전라북도,전주시 덕진구,시도,,기린대로,3,전라북도 전주시 덕진구 하가4길 7,전라북도 전주시 덕진구 덕진동2가 114-2,덕진동,2242,35.8487425,127.1137854,덕진동 용산목욕탕 주변,4,0,,,,,전라북도 전주시청,063-281-2378,2022-06-15
덕진-18,전라북도,전주시 덕진구,시도,,하가로변,3,전라북도 전주시 덕진구 호반5길 7-4,전라북도 전주시 덕진구 덕진동2가 167-359,덕진동,2242,35.84925539,127.1165269,하가지구 휴먼빌2차,4,0,,,,,전라북도 전주시청,063-281-2378,2022-06-15
덕진-13,전라북도,전주시 덕진구,시도,,사평로,3,전라북도 전주시 덕진구 사평로 25,전라북도 전주시 덕진구 덕진동2가 236-2,덕진동,2242,35.84068017,127.1202243,법원민원실 앞,4,0,,,,,전라북도 전주시청,063-281-2378,2022-06-15
덕진-16,전라북도,전주시 덕진구,시도,,경동로,3,전라북도 전주시 덕진구 경동로 20,전라북도 전주시 덕진구 덕진동2가 690,덕진동,2242,35.84282614,127.1068885,하가지구부영아파트 정문,4,0,,,,,전라북도 전주시청,063-281-2378,2022-06-15
덕진-17,전라북도,전주시 덕진구,시도,,가리내로 변,3,전라북도 전주시 덕진구 경동로 20,전라북도 전주시 덕진구 덕진동2가 690,덕진동,2242,35.84282614,127.1068885,하가지구부영아파트 후문,4,0,,,,,전라북도 전주시청,063-281-2378,2022-06-15
덕진방-4,전라북도,전주시 덕진구,시도,,하가로,3,전라북도 전주시 덕진구 하가로 71,전라북도 전주시 덕진구 덕진동2가 99-1,덕진동,2242,35.84855719,127.1117899,덕일초등학교 정문,4,0,,,,,전라북도 전주시청,063-281-2378,2022-06-15
완산어-3,전라북도,전주시 덕진구,시도,,성지산로,3,전라북도 전주시 완산구 성지산로 38,전라북도 전주시 완산구 삼천동1가 585-1,삼천1동,2228,35.80084303,127.1236915,삼천초등학교 정문,4,0,,,,,전라북도 전주시청,063-281-2378,2022-06-15
완산-5,전라북도,전주시 완산구,시도,,용리로,3,전라북도 전주시 완산구 용리로 157,전라북도 전주시 완산구 삼천동1가 585-4,삼천1동,2228,35.7982178,127.1256384,삼천동 이안아파트 101동앞,4,0,,,,,전라북도 전주시청,063-281-2378,2022-06-15
완산-6,전라북도,전주시 완산구,시도,,용리로,3,전라북도 전주시 완산구 용리로 83,전라북도 전주시 완산구 삼천동1가 601-18,삼천1동,2228,35.79879981,127.1190134,효문여중~완산소방서,4,0,,,,,전라북도 전주시청,063-281-2378,2022-06-15
완산-4,전라북도,전주시 완산구,시도,,용리로,3,전라북도 전주시 완산구 용리로 165,전라북도 전주시 완산구 삼천동1가 772,삼천1동,2228,35.79912152,127.124745,삼천동 이안아파트 109동앞,4,0,,,,,전라북도 전주시청,063-281-2378,2022-06-15
완산-8,전라북도,전주시 완산구,시도,,삼천도서관길,3,전라북도 전주시 완산구 용리로 138,전라북도 전주시 완산구 삼천동1가 622,삼천2동,2229,35.79719933,127.1245477,삼익수영장 옆 신협앞,4,0,,,,,전라북도 전주시청,063-281-2378,2022-06-15
완산-10,전라북도,전주시 완산구,시도,,용리로,3,전라북도 전주시 완산구 용리로 142,전라북도 전주시 완산구 삼천동1가 622-2,삼천2동,2229,35.79701949,127.1248458,삼천동 삼천남초교 진입로,4,0,,,,,전라북도 전주시청,063-281-2378,2022-06-15
완산-9,전라북도,전주시 완산구,시도,,거마산로,3,전라북도 전주시 완산구 상거마4길 24,전라북도 전주시 완산구 삼천동1가 632-5,삼천2동,2229,35.79668383,127.1217145,삼천2동 공영주차장,4,0,,,,,전라북도 전주시청,063-281-2378,2022-06-15
완산어-2,전라북도,전주시 덕진구,시도,,거마남로,3,전라북도 전주시 완산구 거마남로 71,전라북도 전주시 완산구 삼천동1가 637,삼천2동,2229,35.79575737,127.1244915,삼천남초등학교 정문,4,0,,,,,전라북도 전주시청,063-281-2378,2022-06-15
완산방-10,전라북도,전주시 덕진구,시도,,남전들로,3,전라북도 전주시 완산구 장승배기로 14,전라북도 전주시 완산구 삼천동1가 546-32,삼천3동,2230,35.79121932,127.1147101,용와초등학교 정문,4,0,,,,,전라북도 전주시청,063-281-2378,2022-06-15
완산방-11,전라북도,전주시 덕진구,시도,,삼천천변1길,3,전라북도 전주시 완산구 삼천천변1길 16,전라북도 전주시 완산구 삼천동1가 765-2,삼천3동,2230,35.79494464,127.1117956,용흥초등학교 정문,4,0,,,,,전라북도 전주시청,063-281-2378,2022-06-15
완산-85,전라북도,전주시 완산구,시도,,강변로,3,전라북도 전주시 완산구 장승배기로 13,전라북도 전주시 완산구 삼천동1가 766-1,삼천3동,2230,35.79316275,127.1144878,삼천주공5단지 후문 앞,4,0,,,,,전라북도 전주시청,063-281-2378,2022-06-15
완산-3,전라북도,전주시 완산구,시도,,장승배기로,3,,전라북도 전주시 완산구 삼천동2가 298-2,삼천3동,2230,35.79116937,127.110723,삼천동1가298-2,4,0,,,,,전라북도 전주시청,063-281-2378,2022-06-15
완산어-1,전라북도,전주시 덕진구,시도,,서학로,3,전라북도 전주시 완산구 서학로 12,전라북도 전주시 완산구 서서학동 189-4,서서학동,2222,35.80964142,127.1507065,전주교대부설초등학교 후문,4,0,,,,,전라북도 전주시청,063-281-2378,2022-06-15
완산방-1,전라북도,전주시 덕진구,시도,,장승배기로,3,전라북도 전주시 완산구 장승배기로 376,전라북도 전주시 완산구 서서학동 962-1,서서학동,2222,35.80318261,127.1510675,남초등학교 정문,4,0,,,,,전라북도 전주시청,063-281-2378,2022-06-15
완산-154,전라북도,전주시 완산구,시도,,전룡로,3,,전라북도 전주시 완산구 서신동 21-5,서신동,2227,35.82883572,127.1245559,서신아이파크e-편한세상 남문,4,0,,,,,전라북도 전주시청,063-281-2378,2022-06-15
완산방-5,전라북도,전주시 덕진구,시도,,전룡로,3,전라북도 전주시 완산구 전룡로 119,전라북도 전주시 완산구 서신동 31-1,서신동,2227,35.8296453,127.1248724,서신초등학교 정문,4,0,,,,,전라북도 전주시청,063-281-2378,2022-06-15
완산-155,전라북도,전주시 완산구,시도,,전룡로,3,전라북도 전주시 완산구 전룡로 127,전라북도 전주시 완산구 서신동 51-7,서신동,2227,35.82926535,127.126401,서신아이파크e-편한세상 106동 인근,4,0,,,,,전라북도 전주시청,063-281-2378,2022-06-15
완산-156,전라북도,전주시 완산구,시도,,전주천서로,3,,전라북도 전주시 완산구 서신동 738-16,서신동,2227,35.83067204,127.1271533,서신아이파크e-편한세상 동문,4,0,,,,,전라북도 전주시청,063-281-2378,2022-06-15
완산방-7,전라북도,전주시 덕진구,시도,,당산로,3,전라북도 전주시 완산구 당산로 9,전라북도 전주시 완산구 서신동 761-3,서신동,2227,35.83212534,127.1082808,서천초등학교 정문,4,0,,,,,전라북도 전주시청,063-281-2378,2022-06-15
완산-14,전라북도,전주시 완산구,시도,,당산로,3,전라북도 전주시 완산구 당산로 39,전라북도 전주시 완산구 서신동 764-2,서신동,2227,35.83234504,127.1127268,서신 제일비사벌 정문앞,4,0,,,,,전라북도 전주시청,063-281-2378,2022-06-15
완산-15,전라북도,전주시 완산구,시도,,당산로,3,전라북도 전주시 완산구 당산로 111,전라북도 전주시 완산구 서신동 767,서신동,2227,35.83259053,127.1204481,이마트(서신동)서쪽삼거리,4,0,,,,,전라북도 전주시청,063-281-2378,2022-06-15
완산-16,전라북도,전주시 완산구,시도,,서신천변 14길,3,전라북도 전주시 완산구 당산로 56,전라북도 전주시 완산구 서신동 795,서신동,2227,35.83159158,127.1144504,서신동 공영주차장,4,0,,,,,전라북도 전주시청,063-281-2378,2022-06-15
완산-17,전라북도,전주시 완산구,시도,,서신로,3,전라북도 전주시 완산구 서신로 54,전라북도 전주시 완산구 서신동 812,서신동,2227,35.83001007,127.116031,서신동 주민센터~신협 사이,4,0,,,,,전라북도 전주시청,063-281-2378,2022-06-15
완산어-5,전라북도,전주시 덕진구,시도,,서신천변11길,3,전라북도 전주시 완산구 서신천변11길 19,전라북도 전주시 완산구 서신동 820,서신동,2227,35.82984999,127.1120592,서문초등학교 후문,4,0,,,,,전라북도 전주시청,063-281-2378,2022-06-15
완산-18,전라북도,전주시 완산구,시도,,서신로,3,전라북도 전주시 완산구 서신로 25,전라북도 전주시 완산구 서신동 839-2,서신동,2227,35.82768101,127.1155913,서신동 신협 맞은편,4,0,,,,,전라북도 전주시청,063-281-2378,2022-06-15
완산어-9,전라북도,전주시 덕진구,시도,,고사평8길,3,전라북도 전주시 완산구 고사평8길 11,전라북도 전주시 완산구 서신동 923,서신동,2227,35.83743707,127.1111606,여울초등학교 정문,4,0,,,,,전라북도 전주시청,063-281-2378,2022-06-15
완산-84,전라북도,전주시 완산구,시도,,여울로,3,전라북도 전주시 완산구 여울로 79-1,전라북도 전주시 완산구 서신동 960-2,서신동,2227,35.8374086,127.1154577,대우아파트 진입로,4,0,,,,,전라북도 전주시청,063-281-2378,2022-06-15
완산어-7,전라북도,전주시 덕진구,시도,,새터로,3,전라북도 전주시 완산구 새터로 73,전라북도 전주시 완산구 서신동 960-4,서신동,2227,35.83624593,127.1147515,서일초등학교 정문,4,0,,,,,전라북도 전주시청,063-281-2378,2022-06-15
완산-19,전라북도,전주시 완산구,시도,,서신로,3,전라북도 전주시 완산구 서신로 105,전라북도 전주시 완산구 서신동 963-5,서신동,2227,35.83482687,127.1156218,박천수 정형외과 옆건물,4,0,,,,,전라북도 전주시청,063-281-2378,2022-06-15
완산-20,전라북도,전주시 완산구,시도,,새터로,3,전라북도 전주시 완산구 새터로 120,전라북도 전주시 완산구 서신동 967-1,서신동,2227,35.83539352,127.1198314,대창아파트옆 선수촌공원 천변쪽,4,0,,,,,전라북도 전주시청,063-281-2378,2022-06-15
완산-21,전라북도,전주시 완산구,시도,,온고을로,3,전라북도 전주시 완산구 온고을로 18,전라북도 전주시 완산구 서신동 970-5,서신동,2227,35.834173,127.1210352,통일광장 롯데백화점,4,0,,,,,전라북도 전주시청,063-281-2378,2022-06-15
덕진방-11,전라북도,전주시 덕진구,시도,,솔래9길,3,전라북도 전주시 덕진구 천마산로 16,전라북도 전주시 덕진구 송천동1가 107-1,송천1동,2249,35.86337797,127.1243496,송북초등학교 정문,4,0,,,,,전라북도 전주시청,063-281-2378,2022-06-15
덕진-25,전라북도,전주시 덕진구,시도,,송천중앙로,3,전라북도 전주시 덕진구 송천중앙로 82,전라북도 전주시 덕진구 송천동1가 281-1,송천1동,2249,35.85457451,127.12046,롯데마트 송천점 북,4,0,,,,,전라북도 전주시청,063-281-2378,2022-06-15
덕진-24,전라북도,전주시 덕진구,시도,,송천중앙로,3,전라북도 전주시 덕진구 송천중앙로 70,전라북도 전주시 덕진구 송천동1가 283-1,송천1동,2249,35.85353906,127.1200093,롯데마트 송천점 남,4,0,,,,,전라북도 전주시청,063-281-2378,2022-06-15
덕진-58,전라북도,전주시 덕진구,시도,,송천중앙로,3,전라북도 전주시 덕진구 송천중앙로 162,전라북도 전주시 덕진구 송천동1가 488-2,송천1동,2249,35.86123541,127.1218046,송천우체국 앞,4,0,,,,,전라북도 전주시청,063-281-2378,2022-06-15
덕진방-13,전라북도,전주시 덕진구,시도,,신동초길,3,전라북도 전주시 덕진구 솔내로 211,전라북도 전주시 덕진구 송천동2가 1269,송천1동,2249,35.86895422,127.1266587,신동초등학교(후문→정문이설),4,0,,,,,전라북도 전주시청,063-281-2378,2022-06-15
덕진-126,전라북도,전주시 덕진구,시도,,세병로,3,전라북도 전주시 덕진구 세병로 212,전라북도 전주시 덕진구 송천동2가 1296,송천1동,2249,35.88074808,127.1287038,데시앙14블럭 정문,4,0,,,,,전라북도 전주시청,063-281-2378,2022-06-15
덕진-91,전라북도,전주시 덕진구,시도,,세병로,3,전라북도 전주시 덕진구 세병로 184,전라북도 전주시 덕진구 송천동2가 1298,송천1동,2249,35.88124098,127.1311214,에코시티kcc스위첸정문앞,4,0,,,,,전라북도 전주시청,063-281-2378,2022-06-15
덕진-94,전라북도,전주시 덕진구,시도,,세병로,3,전라북도 전주시 덕진구 세병로 184,전라북도 전주시 덕진구 송천동2가 1298,송천1동,2249,35.88124098,127.1311214,에코시티kcc스위첸근린생활시설주변,4,0,,,,,전라북도 전주시청,063-281-2378,2022-06-15
덕진-93,전라북도,전주시 덕진구,시도,,세병로,3,전라북도 전주시 덕진구 세병로 174-21,전라북도 전주시 덕진구 송천동2가 1299-2,송천1동,2249,35.88048111,127.1341602,에코시티kcc스위첸후문주변,4,0,,,,,전라북도 전주시청,063-281-2378,2022-06-15
덕진-92,전라북도,전주시 덕진구,시도,,세병로,3,전라북도 전주시 덕진구 세병로 174-11,전라북도 전주시 덕진구 송천동2가 1299-5,송천1동,2249,35.87953904,127.1336672,에코시티kcc스위첸상가신호등주변,4,0,,,,,전라북도 전주시청,063-281-2378,2022-06-15
덕진-79,전라북도,전주시 덕진구,시도,,세병로,3,전라북도 전주시 덕진구 세병로 131,전라북도 전주시 덕진구 송천동2가 1307,송천1동,2249,35.87618178,127.1342432,에코시티 자이2차 주변,4,0,,,,,전라북도 전주시청,063-281-2378,2022-06-15
덕진-69,전라북도,전주시 덕진구,시도,,세병로,3,전라북도 전주시 덕진구 세병로 111,전라북도 전주시 덕진구 송천동2가 1308,송천1동,2249,35.87454355,127.1352299,자이1차 정문 앞,4,0,,,,,전라북도 전주시청,063-281-2378,2022-06-15
덕진-86,전라북도,전주시 덕진구,시도,,세병로,3,전라북도 전주시 덕진구 세병로 93,전라북도 전주시 덕진구 송천동2가 1309,송천1동,2249,35.87286388,127.1337827,에코시티 데시앙 5단지 주변,4,0,,,,,전라북도 전주시청,063-281-2378,2022-06-15
덕진-70,전라북도,전주시 덕진구,시도,,세병로,3,전라북도 전주시 덕진구 세병로 41,전라북도 전주시 덕진구 송천동2가 1311,송천1동,2249,35.87440204,127.1298461,에코시티더 샵 아파트 상가주변,4,0,,,,,전라북도 전주시청,063-281-2378,2022-06-15
덕진-108,전라북도,전주시 덕진구,시도,,세병로,3,전라북도 전주시 덕진구 세병로 30,전라북도 전주시 덕진구 송천동2가 1326-9,송천1동,2249,35.8735992,127.1280028,에코시티 회전교차로 옆,4,0,,,,,전라북도 전주시청,063-281-2378,2022-06-15
덕진-131,전라북도,전주시 덕진구,시도,,세병1길,3,,전라북도 전주시 덕진구 송천동2가 1329-1,송천1동,2249,35.8730537,127.1246081,에코로마네시티 사거리,4,0,,,,,전라북도 전주시청,063-281-2378,2022-06-15
덕진-132,전라북도,전주시 덕진구,시도,,과학로,3,전라북도 전주시 덕진구 과학로 20,전라북도 전주시 덕진구 송천동2가 1332-1,송천1동,2249,35.87197561,127.1227217,이마트 에코시티점 삼거리,4,0,,,,,전라북도 전주시청,063-281-2378,2022-06-15
덕진-71,전라북도,전주시 덕진구,시도,,세병로,3,전라북도 전주시 덕진구 세병로 38,전라북도 전주시 덕진구 송천동2가 1338,송천1동,2249,35.87320591,127.1288328,에코시티더 샵 1차 정문 앞,4,0,,,,,전라북도 전주시청,063-281-2378,2022-06-15
덕진-121,전라북도,전주시 덕진구,시도,,세병로,3,전라북도 전주시 덕진구 세병로 112,전라북도 전주시 덕진구 송천동2가 1343,송천1동,2249,35.87277877,127.1353416,데시앙네스트2차 정문,4,0,,,,,전라북도 전주시청,063-281-2378,2022-06-15
덕진-122,전라북도,전주시 덕진구,시도,,세병로,3,전라북도 전주시 덕진구 세병로 112,전라북도 전주시 덕진구 송천동2가 1343,송천1동,2249,35.87277877,127.1353416,데시앙네스트2차 후문,4,0,,,,,전라북도 전주시청,063-281-2378,2022-06-15
덕진-112,전라북도,전주시 덕진구,시도,,세병로,3,전라북도 전주시 덕진구 세병로 130,전라북도 전주시 덕진구 송천동2가 1345,송천1동,2249,35.87524058,127.1367375,에코 데시앙네스트 정문앞,4,0,,,,,전라북도 전주시청,063-281-2378,2022-06-15
덕진-89,전라북도,전주시 덕진구,시도,,세병로,3,,전라북도 전주시 덕진구 송천동2가 1381,송천1동,2249,35.87970591,127.1340752,에코시티 데시앙 12단지 주변,4,0,,,,,전라북도 전주시청,063-281-2378,2022-06-15
덕진-88,전라북도,전주시 덕진구,시도,,세병로,3,,전라북도 전주시 덕진구 송천동2가 1383,송천1동,2249,35.87634899,127.1371413,에코시티 더 샵 3차 정문 앞,4,0,,,,,전라북도 전주시청,063-281-2378,2022-06-15
덕진-87,전라북도,전주시 덕진구,시도,,백석로,3,,전라북도 전주시 덕진구 송천동2가 1384,송천1동,2249,35.87235422,127.1350066,에코시티 데시앙 7단지 주변,4,0,,,,,전라북도 전주시청,063-281-2378,2022-06-15
덕진-68,전라북도,전주시 덕진구,시도,,세병로,3,,전라북도 전주시 덕진구 송천동2가 1391,송천1동,2249,35.87416114,127.1290756,데시앙4차 후문 주변,4,0,,,,,전라북도 전주시청,063-281-2378,2022-06-15
덕진-133,전라북도,전주시 덕진구,시도,,세병서로,3,,전라북도 전주시 덕진구 송천동2가 1400,송천1동,2249,35.87206246,127.1230226,이마트 에코시티점 사거리,4,0,,,,,전라북도 전주시청,063-281-2378,2022-06-15
덕진-57,전라북도,전주시 덕진구,시도,,천마산로,3,전라북도 전주시 덕진구 천마산로 69,전라북도 전주시 덕진구 송천동2가 175-22,송천1동,2249,35.86587029,127.1284673,오송중학교 주변,4,0,,,,,전라북도 전주시청,063-281-2378,2022-06-15
덕진방-15,전라북도,전주시 덕진구,시도,,오송초길,3,전라북도 전주시 덕진구 천마산로 87,전라북도 전주시 덕진구 송천동2가 179-23,송천1동,2249,35.86597905,127.1304116,오송초등학교 정문,4,0,,,,,전라북도 전주시청,063-281-2378,2022-06-15
덕진-107,전라북도,전주시 덕진구,시도,,송천중앙로,3,전라북도 전주시 덕진구 송천중앙로 218,전라북도 전주시 덕진구 송천동2가 523-6,송천1동,2249,35.86649306,127.1217957,송천중앙로 먹자골목입구,4,0,,,,,전라북도 전주시청,063-281-2378,2022-06-15
덕진-22,전라북도,전주시 덕진구,시도,,송천로,3,전라북도 전주시 덕진구 호반로 11,전라북도 전주시 덕진구 송천동1가 308-1,송천2동,2250,35.85400329,127.1167207,센트럴파크 단지 사잇길(터존),4,0,,,,,전라북도 전주시청,063-281-2378,2022-06-15
덕진-23,전라북도,전주시 덕진구,시도,,송천로,3,전라북도 전주시 덕진구 송천중앙로 85,전라북도 전주시 덕진구 송천동1가 350-4,송천2동,2250,35.85480312,127.119508,송천동 웰가아파트옆(센트럴),4,0,,,,,전라북도 전주시청,063-281-2378,2022-06-15
덕진어-4,전라북도,전주시 덕진구,시도,,송천1길,3,전라북도 전주시 덕진구 송천1길 10,전라북도 전주시 덕진구 송천동1가 397,송천2동,2250,35.85682245,127.1199819,송천초등학교 정문,4,0,,,,,전라북도 전주시청,063-281-2378,2022-06-15
덕진방-12,전라북도,전주시 덕진구,시도,,와룡로,3,전라북도 전주시 덕진구 와룡로 25,전라북도 전주시 덕진구 송천동1가 602,송천2동,2250,35.86154103,127.1110038,송원초등학교,4,0,,,,,전라북도 전주시청,063-281-2378,2022-06-15
덕진-106,전라북도,전주시 덕진구,시도,,송천4길,3,전라북도 전주시 덕진구 송천4길 38,전라북도 전주시 덕진구 송천동1가 842,송천2동,2250,35.86223622,127.1176761,송천동 용소초등학교 후문,4,0,,,,,전라북도 전주시청,063-281-2378,2022-06-15
덕진방-16,전라북도,전주시 덕진구,시도,,송천4길,3,전라북도 전주시 덕진구 송천4길 38,전라북도 전주시 덕진구 송천동1가 842,송천2동,2250,35.86223622,127.1176761,용소초등학교 정문,4,0,,,,,전라북도 전주시청,063-281-2378,2022-06-15
덕진-125,전라북도,전주시 덕진구,시도,,두간4길,3,,전라북도 전주시 덕진구 송천동1가 851,송천2동,2250,35.86652011,127.1181015,파인트리몰 후문,4,0,,,,,전라북도 전주시청,063-281-2378,2022-06-15
덕진-105,전라북도,전주시 덕진구,시도,,용소로,3,전라북도 전주시 덕진구 용소로 112,전라북도 전주시 덕진구 송천동1가 880,송천2동,2250,35.86339866,127.1209382,송천동 광신프로그레스 정문,4,0,,,,,전라북도 전주시청,063-281-2378,2022-06-15
덕진-26,전라북도,전주시 덕진구,시도,,두간4길,3,전라북도 전주시 덕진구 두간4길 14,전라북도 전주시 덕진구 송천동2가 1290,송천2동,2250,35.86687513,127.1191593,송천동 신동아파밀리에,4,0,,,,,전라북도 전주시청,063-281-2378,2022-06-15
덕진-124,전라북도,전주시 덕진구,시도,,송천중앙로,3,전라북도 전주시 덕진구 송천중앙로 229,전라북도 전주시 덕진구 송천동2가 489-8,송천2동,2250,35.86746492,127.1212288,파인트리몰 정문,4,0,,,,,전라북도 전주시청,063-281-2378,2022-06-15
덕진-27,전라북도,전주시 덕진구,시도,,시천로,3,전라북도 전주시 덕진구 시천로 83,전라북도 전주시 덕진구 송천동2가 561-19,송천2동,2250,35.86692489,127.1138561,송천동 솔내동아 사거리,4,0,,,,,전라북도 전주시청,063-281-2378,2022-06-15
덕진-55,전라북도,전주시 덕진구,시도,,여산로,3,전라북도 전주시 덕진구 여산로 253,전라북도 전주시 덕진구 고랑동 1224,여의동,2252,35.87460191,127.084011,노블레스더센텀아파트 앞,4,0,,,,,전라북도 전주시청,063-281-2378,2022-06-15
덕진어-5,전라북도,전주시 덕진구,시도,,팔과정로,3,전라북도 전주시 덕진구 팔과정로 181,전라북도 전주시 덕진구 동산동 374-1,여의동,2252,35.86366762,127.0945846,팔복초등학교 정문,4,0,,,,,전라북도 전주시청,063-281-2378,2022-06-15
덕진-19,전라북도,전주시 덕진구,시도,,쪽구름로,3,전라북도 전주시 덕진구 쪽구름로 52,전라북도 전주시 덕진구 동산동 707-2,여의동,2252,35.8701513,127.0773766,동산동 조촌초 후문(슈즈뱅크),4,0,,,,,전라북도 전주시청,063-281-2378,2022-06-15
덕진-20,전라북도,전주시 덕진구,시도,,동부대로,3,전라북도 전주시 덕진구 쪽구름5길 43-7,전라북도 전주시 덕진구 동산동 779,여의동,2252,35.87540248,127.0808751,동산동골드클래스,4,0,,,,,전라북도 전주시청,063-281-2378,2022-06-15
덕진-104,전라북도,전주시 덕진구,시도,,가인로,3,전라북도 전주시 덕진구 가인로 11,전라북도 전주시 덕진구 만성동 1258-1,여의동,2252,35.84341668,127.072699,만성동 전주지방 검찰청앞,4,0,,,,,전라북도 전주시청,063-281-2378,2022-06-15
덕진-67,전라북도,전주시 덕진구,시도,,만성중앙로,3,전라북도 전주시 덕진구 만성중앙로 70,전라북도 전주시 덕진구 만성동 1263-1,여의동,2252,35.84166232,127.0788108,상업지구,4,0,,,,,전라북도 전주시청,063-281-2378,2022-06-15
덕진-82,전라북도,전주시 덕진구,시도,,만성동로,3,전라북도 전주시 덕진구 만성동로 48,전라북도 전주시 덕진구 만성동 1290-1,여의동,2252,35.83844067,127.0771687,만성제일풍경채 주변,4,0,,,,,전라북도 전주시청,063-281-2378,2022-06-15
덕진-66,전라북도,전주시 덕진구,시도,,만성중앙로,3,,전라북도 전주시 덕진구 만성동 1292,여의동,2252,35.84298757,127.076383,상업지구,4,0,,,,,전라북도 전주시청,063-281-2378,2022-06-15
덕진-64,전라북도,전주시 덕진구,시도,,만성북4길,3,전라북도 전주시 덕진구 만성북4길 10,전라북도 전주시 덕진구 만성동 1357-1,여의동,2252,35.84779999,127.0749815,양현중학교 주변,4,0,,,,,전라북도 전주시청,063-281-2378,2022-06-15
덕진-65,전라북도,전주시 덕진구,시도,,만성중앙로,3,전라북도 전주시 덕진구 만성서로 96,전라북도 전주시 덕진구 만성동 1357-4,여의동,2252,35.84678295,127.0743531,양현초 주변,4,0,,,,,전라북도 전주시청,063-281-2378,2022-06-15
덕진-63,전라북도,전주시 덕진구,시도,,만성북로,3,전라북도 전주시 덕진구 만성로 181,전라북도 전주시 덕진구 만성동 1367-1,여의동,2252,35.84818484,127.0797107,만성골드클레스 앞 103동앞,4,0,,,,,전라북도 전주시청,063-281-2378,2022-06-15
덕진-103,전라북도,전주시 덕진구,시도,,만성로,3,전라북도 전주시 덕진구 만성로 137,전라북도 전주시 덕진구 만성동 1367-3,여의동,2252,35.84379082,127.0760096,만성동 에코르아파트 후문,4,0,,,,,전라북도 전주시청,063-281-2378,2022-06-15
덕진-77,전라북도,전주시 덕진구,시도,,만성로,3,전라북도 전주시 덕진구 만성로 150,전라북도 전주시 덕진구 만성동 1371-3,여의동,2252,35.84458347,127.0800464,중흥S클레스 주변,4,0,,,,,전라북도 전주시청,063-281-2378,2022-06-15
덕진-78,전라북도,전주시 덕진구,시도,,만성로,3,전라북도 전주시 덕진구 만성로 150,전라북도 전주시 덕진구 만성동 1371-3,여의동,2252,35.84458347,127.0800464,중흥S클레스 주변,4,0,,,,,전라북도 전주시청,063-281-2378,2022-06-15
덕진-90,전라북도,전주시 덕진구,시도,,정여립로,3,,전라북도 전주시 덕진구 만성동 1417,여의동,2252,35.84492913,127.0820964,만성동 나눔둥지타운 주변,4,0,,,,,전라북도 전주시청,063-281-2378,2022-06-15
덕진-28,전라북도,전주시 덕진구,시도,,팔복로,3,전라북도 전주시 덕진구 팔복로 359,전라북도 전주시 덕진구 여의동 1137-4,여의동,2252,35.8626878,127.0700998,면허시험장 앞,4,0,,,,,전라북도 전주시청,063-281-2378,2022-06-15
덕진-83,전라북도,전주시 덕진구,시도,,기린대로,3,,전라북도 전주시 덕진구 여의동 1244-1,여의동,2252,35.87029074,127.0699219,여의 영무예다음 주변,4,0,,,,,전라북도 전주시청,063-281-2378,2022-06-15
덕진-84,전라북도,전주시 덕진구,시도,,혁신로,3,,전라북도 전주시 덕진구 여의동 1244-1,여의동,2252,35.87029074,127.0699219,여의 영무예다음 주변,4,0,,,,,전라북도 전주시청,063-281-2378,2022-06-15
덕진방-19,전라북도,전주시 덕진구,시도,,쪽구름로,3,전라북도 전주시 덕진구 쪽구름로 39,전라북도 전주시 덕진구 여의동 572-1,여의동,2252,35.86952543,127.0758772,조촌초등학교 후문(북),4,0,,,,,전라북도 전주시청,063-281-2378,2022-06-15
덕진-116,전라북도,전주시 덕진구,시도,,쪽구름로,3,전라북도 전주시 덕진구 쪽구름로 63,전라북도 전주시 덕진구 여의동 582-16,여의동,2252,35.87096805,127.0763263,북전주농협 삼거리,4,0,,,,,전라북도 전주시청,063-281-2378,2022-06-15
덕진-97,전라북도,전주시 덕진구,시도,,기린대로,3,전라북도 전주시 덕진구 기린대로 1025,전라북도 전주시 덕진구 여의동 651,여의동,2252,35.86671426,127.0739676,여의동 수자원공사 주변,4,0,,,,,전라북도 전주시청,063-281-2378,2022-06-15
덕진-44,전라북도,전주시 덕진구,시도,,혁신로,3,전라북도 전주시 덕진구 틀못3길 12,전라북도 전주시 덕진구 장동 1064,여의동,2252,35.84279376,127.055986,전북혁신C-3블럭 중흥S클래스,4,0,,,,,전라북도 전주시청,063-281-2378,2022-06-15
덕진-40,전라북도,전주시 덕진구,시도,,안전로,3,전라북도 전주시 덕진구 출판로 43,전라북도 전주시 덕진구 장동 1074,여의동,2252,35.83972837,127.0575733,호반베르디움5차(북),4,0,,,,,전라북도 전주시청,063-281-2378,2022-06-15
덕진-41,전라북도,전주시 덕진구,시도,,출판로,3,전라북도 전주시 덕진구 출판로 43,전라북도 전주시 덕진구 장동 1074,여의동,2252,35.83972837,127.0575733,호반베르디움5차(남),4,0,,,,,전라북도 전주시청,063-281-2378,2022-06-15
덕진-42,전라북도,전주시 덕진구,시도,,출판로,3,전라북도 전주시 덕진구 출판로 61,전라북도 전주시 덕진구 장동 1075,여의동,2252,35.83976666,127.0592851,호반베르디움6차 후문,4,0,,,,,전라북도 전주시청,063-281-2378,2022-06-15
덕진-43,전라북도,전주시 덕진구,시도,,출판로,3,전라북도 전주시 덕진구 출판로 61,전라북도 전주시 덕진구 장동 1075,여의동,2252,35.83976666,127.0592851,호반베르디움6차 정문,4,0,,,,,전라북도 전주시청,063-281-2378,2022-06-15
덕진-61,전라북도,전주시 덕진구,시도,,출판로,3,전라북도 전주시 덕진구 출판로 87,전라북도 전주시 덕진구 장동 1086,여의동,2252,35.83987476,127.0624036,호반베르디움2차 정문,4,0,,,,,전라북도 전주시청,063-281-2378,2022-06-15
덕진-85,전라북도,전주시 덕진구,시도,,중동로,3,,전라북도 전주시 덕진구 장동 1092-1,여의동,2252,35.84339404,127.0638563,혁신동 호수마을 입구,4,0,,,,,전라북도 전주시청,063-281-2378,2022-06-15
덕진-110,전라북도,전주시 덕진구,시도,,기지로,3,,전라북도 전주시 덕진구 장동 1107,여의동,2252,35.83852043,127.0614895,혁신 대방디엠씨 정문,4,0,,,,,전라북도 전주시청,063-281-2378,2022-06-15
완산방-9,전라북도,전주시 덕진구,시도,,매곡로,3,전라북도 전주시 완산구 매곡로 22,전라북도 전주시 완산구 동완산동 167,완산동,2238,35.81056438,127.1432813,완산초등학교,4,0,,,,,전라북도 전주시청,063-281-2378,2022-06-15
완산-91,전라북도,전주시 완산구,시도,,전주천서로,3,,전라북도 전주시 완산구 동완산동 89-1,완산동,2238,35.81194542,127.145274,매곡교,4,0,,,,,전라북도 전주시청,063-281-2378,2022-06-15
완산-22,전라북도,전주시 완산구,시도,,용머리로,3,전라북도 전주시 완산구 용머리로 286-1,전라북도 전주시 완산구 서완산동1가 464,완산동,2238,35.81172459,127.139272,완산시외버스 정류장,4,0,,,,,전라북도 전주시청,063-281-2378,2022-06-15
완산-158,전라북도,전주시 완산구,시도,,용머리로,3,전라북도 전주시 완산구 용머리로 213,전라북도 전주시 완산구 서완산동2가 359-3,완산동,2238,35.80807195,127.1329978,바울센터 사거리,4,0,,,,,전라북도 전주시청,063-281-2378,2022-06-15
완산-157,전라북도,전주시 완산구,시도,,안행로,3,,전라북도 전주시 완산구 서완산동2가 365-16,완산동,2238,35.8081705,127.1323553,서완산골드클래스 후문,4,0,,,,,전라북도 전주시청,063-281-2378,2022-06-15
덕진-29,전라북도,전주시 덕진구,시도,,전주역,3,전라북도 전주시 덕진구 동부대로 680,전라북도 전주시 덕진구 우아동3가 235-11,우아1동,2246,35.84968891,127.1634706,전주역 광장,4,0,,,,,전라북도 전주시청,063-281-2378,2022-06-15
덕진-129,전라북도,전주시 덕진구,시도,,견훤로,3,전라북도 전주시 덕진구 견훤로 428,전라북도 전주시 덕진구 우아동3가 726-1,우아1동,2246,35.84919664,127.1524347,우아한시티 견훤로 삼거리,4,0,,,,,전라북도 전주시청,063-281-2378,2022-06-15
덕진-130,전라북도,전주시 덕진구,시도,,우아7길,3,전라북도 전주시 덕진구 우아7길 13,전라북도 전주시 덕진구 우아동3가 729-2,우아1동,2246,35.84982681,127.1546178,우아한시티 우아어린이집부근,4,0,,,,,전라북도 전주시청,063-281-2378,2022-06-15
덕진방-7,전라북도,전주시 덕진구,시도,,우아로,3,전라북도 전주시 덕진구 우아9길 1,전라북도 전주시 덕진구 우아동3가 743-149,우아1동,2246,35.85182009,127.1563738,동신초등학교 정문,4,0,,,,,전라북도 전주시청,063-281-2378,2022-06-15
덕진-51,전라북도,전주시 덕진구,시도,,백제대로,3,전라북도 전주시 덕진구 백제대로 819,전라북도 전주시 덕진구 우아동3가 746-68,우아1동,2246,35.84878367,127.1576874,첫마중길 전주팔경 앞,4,0,,,,,전라북도 전주시청,063-281-2378,2022-06-15
덕진-53,전라북도,전주시 덕진구,시도,,백제대로,3,전라북도 전주시 덕진구 백제대로 795,전라북도 전주시 덕진구 우아동3가 747-70,우아1동,2246,35.84791459,127.1552628,첫마중길 전기안전공사 앞,4,0,,,,,전라북도 전주시청,063-281-2378,2022-06-15
덕진-54,전라북도,전주시 덕진구,시도,,백제대로,3,전라북도 전주시 덕진구 백제대로 790,전라북도 전주시 덕진구 우아동3가 748-9,우아1동,2246,35.84703425,127.1549775,첫마중길 하늘수산 앞,4,0,,,,,전라북도 전주시청,063-281-2378,2022-06-15
덕진-52,전라북도,전주시 덕진구,시도,,백제대로,3,전라북도 전주시 덕진구 백제대로 816,전라북도 전주시 덕진구 우아동3가 752-2,우아1동,2246,35.84799436,127.1577506,첫마중길 정성산부인과 앞,4,0,,,,,전라북도 전주시청,063-281-2378,2022-06-15
덕진-127,전라북도,전주시 덕진구,시도,,동부대로,3,전라북도 전주시 덕진구 동부대로 670,전라북도 전주시 덕진구 우아동3가 753-1,우아1동,2246,35.84848491,127.161883,클래시아더스카이 102동 인근,4,0,,,,,전라북도 전주시청,063-281-2378,2022-06-15
덕진-128,전라북도,전주시 덕진구,시도,,신기1길,3,전라북도 전주시 덕진구 신기1길 6,전라북도 전주시 덕진구 우아동3가 753-18,우아1동,2246,35.84808379,127.1621314,클래시아더스카이 삼거리,4,0,,,,,전라북도 전주시청,063-281-2378,2022-06-15
덕진-100,전라북도,전주시 덕진구,시도,,견훤로,3,전라북도 전주시 덕진구 우아로 50,전라북도 전주시 덕진구 우아동3가 762,우아1동,2246,35.85404826,127.1556822,우아동 이편한세상 주변,4,0,,,,,전라북도 전주시청,063-281-2378,2022-06-15
덕진-101,전라북도,전주시 덕진구,시도,,우아10길,3,전라북도 전주시 덕진구 우아로 50,전라북도 전주시 덕진구 우아동3가 762,우아1동,2246,35.85404826,127.1556822,우아동 이편한세상 주변,4,0,,,,,전라북도 전주시청,063-281-2378,2022-06-15
덕진-102,전라북도,전주시 덕진구,시도,,우아10길,3,전라북도 전주시 덕진구 우아로 50,전라북도 전주시 덕진구 우아동3가 762,우아1동,2246,35.85404826,127.1556822,우아동 이편한세상 주변,4,0,,,,,전라북도 전주시청,063-281-2378,2022-06-15
덕진방-14,전라북도,전주시 덕진구,시도,,인교5길,3,전라북도 전주시 덕진구 인교5길 23,전라북도 전주시 덕진구 우아동1가 933-1,우아2동,2247,35.82769773,127.1756551,아중초등학교 정문,4,0,,,,,전라북도 전주시청,063-281-2378,2022-06-15
덕진-118,전라북도,전주시 덕진구,시도,,건산로,3,전라북도 전주시 덕진구 건산로 280,전라북도 전주시 덕진구 우아동2가 866-3,우아2동,2247,35.83550068,127.1676777,창대교회앞,4,0,,,,,전라북도 전주시청,063-281-2378,2022-06-15
덕진방-18,전라북도,전주시 덕진구,시도,,심방죽2길,3,전라북도 전주시 덕진구 심방죽로 24,전라북도 전주시 덕진구 인후동1가 575-1,인후1동,2239,35.83919242,127.152228,전라초등학교 정문,4,0,,,,,전라북도 전주시청,063-281-2378,2022-06-15
덕진방-9,전라북도,전주시 덕진구,시도,,안골4길,3,전라북도 전주시 덕진구 견훤로 336,전라북도 전주시 덕진구 인후동1가 750-1,인후1동,2239,35.84208627,127.1559492,북일초등학교 정문,4,0,,,,,전라북도 전주시청,063-281-2378,2022-06-15
덕진-31,전라북도,전주시 덕진구,시도,,안덕원로,3,,전라북도 전주시 덕진구 인후동1가 787,인후1동,2239,35.83676288,127.1559764,안골사거리,4,0,,,,,전라북도 전주시청,063-281-2378,2022-06-15
덕진-32,전라북도,전주시 덕진구,시도,,안덕원길,3,,전라북도 전주시 덕진구 인후동1가 787,인후1동,2239,35.83676288,127.1559764,안골 한신 휴플러스 앞,4,0,,,,,전라북도 전주시청,063-281-2378,2022-06-15
덕진방-2,전라북도,전주시 덕진구,시도,,명주3길,3,전라북도 전주시 덕진구 명주3길 16,전라북도 전주시 덕진구 인후동2가 1536,인후2동,2240,35.8433282,127.1467912,금평초등학교 정문,4,0,,,,,전라북도 전주시청,063-281-2378,2022-06-15
덕진-35,전라북도,전주시 덕진구,시도,,백제대로,3,전라북도 전주시 덕진구 백동2길 11,전라북도 전주시 덕진구 인후동2가 1561-1,인후2동,2240,35.84567354,127.1475257,건지산이지움아파트 앞,4,0,,,,,전라북도 전주시청,063-281-2378,2022-06-15
덕진-36,전라북도,전주시 덕진구,시도,,건산로,3,전라북도 전주시 덕진구 건산로 55,전라북도 전주시 덕진구 인후동2가 202-66,인후2동,2240,35.83285738,127.1435247,모래내시장 복개도로,4,0,,,,,전라북도 전주시청,063-281-2378,2022-06-15
덕진-37,전라북도,전주시 덕진구,시도,,안덕원로,3,전라북도 전주시 덕진구 안덕원로 156-1,전라북도 전주시 덕진구 인후동2가 236-138,인후2동,2240,35.83292652,127.1454622,모래내승강장(농고방향),4,0,,,,,전라북도 전주시청,063-281-2378,2022-06-15
덕진-38,전라북도,전주시 덕진구,시도,,안덕원로,3,전라북도 전주시 덕진구 안덕원로 157,전라북도 전주시 덕진구 인후동2가 236-23,인후2동,2240,35.83343672,127.1451642,모래내시장(기린로방향),4,0,,,,,전라북도 전주시청,063-281-2378,2022-06-15
덕진방-6,전라북도,전주시 덕진구,시도,,견훤왕궁로,3,전라북도 전주시 덕진구 견훤왕궁로 227,전라북도 전주시 덕진구 인후동2가 39-13,인후2동,2240,35.83899099,127.1444129,동북초등학교 정문,4,0,,,,,전라북도 전주시청,063-281-2378,2022-06-15
덕진-39,전라북도,전주시 덕진구,시도,,심방죽로,3,,전라북도 전주시 덕진구 인후동2가 4-59,인후2동,2240,35.84101434,127.1514925,인후동 에버파크아파트 앞,4,0,,,,,전라북도 전주시청,063-281-2378,2022-06-15
덕진방-3,전라북도,전주시 덕진구,시도,,진버들2길,3,전라북도 전주시 덕진구 견훤로 260,전라북도 전주시 덕진구 인후동1가 431-3,인후3동,2241,35.83508761,127.1591419,기린초등학교 진입로,4,0,,,,,전라북도 전주시청,063-281-2378,2022-06-15
덕진-117,전라북도,전주시 덕진구,시도,,진버들4길,3,전라북도 전주시 덕진구 진버들4길 16,전라북도 전주시 덕진구 인후동1가 807-9,인후3동,2241,35.83600415,127.1637345,아중119안전센터,4,0,,,,,전라북도 전주시청,063-281-2378,2022-06-15
덕진-113,전라북도,전주시 덕진구,시도,,견훤로,3,,전라북도 전주시 덕진구 인후동1가 832-3,인후3동,2241,35.83037699,127.159433,견훤로 다이소 사거리,4,0,,,,,전라북도 전주시청,063-281-2378,2022-06-15
덕진방-17,전라북도,전주시 덕진구,시도,,동가재미1길,3,전라북도 전주시 덕진구 무삼지로 67,전라북도 전주시 덕진구 인후동1가 844,인후3동,2241,35.8318225,127.1623981,인후초등학교 후문(남),4,0,,,,,전라북도 전주시청,063-281-2378,2022-06-15
덕진-33,전라북도,전주시 덕진구,시도,,건산로,3,전라북도 전주시 덕진구 건산로 238,전라북도 전주시 덕진구 인후동1가 845-3,인후3동,2241,35.83424992,127.1633535,아중새천년약국,4,0,,,,,전라북도 전주시청,063-281-2378,2022-06-15
덕진-34,전라북도,전주시 덕진구,시도,,무삼지로,3,전라북도 전주시 덕진구 무삼지로 76,전라북도 전주시 덕진구 인후동1가 855-2,인후3동,2241,35.83227743,127.1633497,인후동 마트앤마트 앞,4,0,,,,,전라북도 전주시청,063-281-2378,2022-06-15
덕진어-2,전라북도,전주시 덕진구,시도,,무삼지로,3,전라북도 전주시 덕진구 무삼지로 7,전라북도 전주시 덕진구 인후동1가 917,인후3동,2241,35.82691771,127.1650204,인봉초등학교 정문,4,0,,,,,전라북도 전주시청,063-281-2378,2022-06-15
덕진-30,전라북도,전주시 덕진구,시도,,석소로,3,전라북도 전주시 덕진구 석소로 25,전라북도 전주시 덕진구 인후동1가 산 258-5,인후3동,2241,35.82828292,127.1678276,중앙여고,4,0,,,,,전라북도 전주시청,063-281-2378,2022-06-15
덕진-60,전라북도,전주시 덕진구,시도,,쪽구름로,3,전라북도 전주시 덕진구 반월3길 17,전라북도 전주시 덕진구 반월동 1229,조촌동,2251,35.87255111,127.0728361,반월주공아파트 입구,4,0,,,,,전라북도 전주시청,063-281-2378,2022-06-15
덕진-21,전라북도,전주시 덕진구,시도,,쪽구름2길,3,전라북도 전주시 덕진구 쪽구름2길 9,전라북도 전주시 덕진구 반월동 1231,조촌동,2251,35.87374753,127.0753129,반월동세움펠리피아,4,0,,,,,전라북도 전주시청,063-281-2378,2022-06-15
덕진-95,전라북도,전주시 덕진구,시도,,반월로,3,,전라북도 전주시 덕진구 반월동 222-5,조촌동,2251,35.8773929,127.0754272,반월동 세움펠리피아2차 정문,4,0,,,,,전라북도 전주시청,063-281-2378,2022-06-15
덕진-96,전라북도,전주시 덕진구,시도,,혁신로,3,,전라북도 전주시 덕진구 반월동 222-5,조촌동,2251,35.8773929,127.0754272,반월동 세움펠리피아2차 후문,4,0,,,,,전라북도 전주시청,063-281-2378,2022-06-15
덕진방-8,전라북도,전주시 덕진구,시도,,혁신로,3,전라북도 전주시 덕진구 혁신로 707,전라북도 전주시 덕진구 반월동 238-6,조촌동,2251,35.87539195,127.0737221,반월초등학교 정문,4,0,,,,,전라북도 전주시청,063-281-2378,2022-06-15
완산-2,전라북도,전주시 완산구,시도,,팔달로,3,전라북도 전주시 완산구 팔달로 217-21,전라북도 전주시 완산구 고사동 11-8,중앙동,2235,35.82128952,127.1451912,오거리공영주차장 입구,4,0,,,,,전라북도 전주시청,063-281-2378,2022-06-15
완산-86,전라북도,전주시 완산구,시도,,팔달로,3,전라북도 전주시 완산구 팔달로 227,전라북도 전주시 완산구 고사동 1-2,중앙동,2235,35.82227761,127.1449365,라마다호텔 정문 앞,4,0,,,,,전라북도 전주시청,063-281-2378,2022-06-15
완산-87,전라북도,전주시 완산구,시도,,팔달로,3,전라북도 전주시 완산구 팔달로 227,전라북도 전주시 완산구 고사동 1-2,중앙동,2235,35.82227761,127.1449365,라마다호텔 후문 앞,4,0,,,,,전라북도 전주시청,063-281-2378,2022-06-15
완산-109,전라북도,전주시 완산구,시도,,객사4길,3,전라북도 전주시 완산구 전주객사4길 76,전라북도 전주시 완산구 고사동 242-6,중앙동,2235,35.82111379,127.143149,고사동CU편의점사거리,4,0,,,,,전라북도 전주시청,063-281-2378,2022-06-15
완산-113,전라북도,전주시 완산구,시도,,객사2길,3,전라북도 전주시 완산구 전주객사2길 74,전라북도 전주시 완산구 고사동 340-1,중앙동,2235,35.82007396,127.1405874,옥토주차장임시출입구,4,0,,,,,전라북도 전주시청,063-281-2378,2022-06-15
완산-111,전라북도,전주시 완산구,시도,,객사3길,3,전라북도 전주시 완산구 전주객사3길 72,전라북도 전주시 완산구 고사동 355-1,중앙동,2235,35.82032591,127.1420805,CGV고사점,4,0,,,,,전라북도 전주시청,063-281-2378,2022-06-15
완산-112,전라북도,전주시 완산구,시도,,객사3길,3,전라북도 전주시 완산구 전주객사3길 22,전라북도 전주시 완산구 고사동 431-1,중앙동,2235,35.81836023,127.1427168,영화제작소사거리,4,0,,,,,전라북도 전주시청,063-281-2378,2022-06-15
완산-150,전라북도,전주시 완산구,시도,,전라감영로,3,전라북도 전주시 완산구 전라감영로 29,전라북도 전주시 완산구 다가동1가 3-1,중앙동,2235,35.81509257,127.1426122,전라감영로 선자청,4,0,,,,,전라북도 전주시청,063-281-2378,2022-06-15
완산-110,전라북도,전주시 완산구,시도,,객사1길,3,전라북도 전주시 완산구 전주객사1길 45,전라북도 전주시 완산구 다가동3가 53-3,중앙동,2235,35.81821843,127.1391311,경아분식사거리,4,0,,,,,전라북도 전주시청,063-281-2378,2022-06-15
완산-140,전라북도,전주시 완산구,시도,,전주천동로,3,,전라북도 전주시 완산구 다가동3가 54-5,중앙동,2235,35.81762694,127.1394359,호텔더프라임 천변,4,0,,,,,전라북도 전주시청,063-281-2378,2022-06-15
완산-115,전라북도,전주시 완산구,시도,,객사1길,3,전라북도 전주시 완산구 전주객사1길 13,전라북도 전주시 완산구 다가동3가 64-4,중앙동,2235,35.81706508,127.1402207,다가동해빛편의점사거리,4,0,,,,,전라북도 전주시청,063-281-2378,2022-06-15
완산-116,전라북도,전주시 완산구,시도,,객사1길,3,전라북도 전주시 완산구 전주객사1길 79,전라북도 전주시 완산구 다가동4가 119-3,중앙동,2235,35.81962284,127.1383704,수빈이네 장터국수사거리,4,0,,,,,전라북도 전주시청,063-281-2378,2022-06-15
완산-114,전라북도,전주시 완산구,시도,,객사2길,3,전라북도 전주시 완산구 전주객사2길 47,전라북도 전주시 완산구 다가동4가 83-9,중앙동,2235,35.81888115,127.1402764,다가동서양주택사거리,4,0,,,,,전라북도 전주시청,063-281-2378,2022-06-15
완산-125,전라북도,전주시 완산구,시도,,전라감영3길,3,전라북도 전주시 완산구 전라감영3길 13-2,전라북도 전주시 완산구 중앙동1가 21-1,중앙동,2235,35.81645389,127.143095,헤븐스튜디오 사거리,4,0,,,,,전라북도 전주시청,063-281-2378,2022-06-15
완산-124,전라북도,전주시 완산구,시도,,전라감영4길,3,전라북도 전주시 완산구 전라감영4길 15,전라북도 전주시 완산구 중앙동2가 16-6,중앙동,2235,35.8168423,127.1444798,하나투어 사거리,4,0,,,,,전라북도 전주시청,063-281-2378,2022-06-15
완산-26,전라북도,전주시 완산구,시도,,충경로,3,전라북도 전주시 완산구 충경로 34,전라북도 전주시 완산구 중앙동2가 36-6,중앙동,2235,35.81724081,127.1429883,객사,4,0,,,,,전라북도 전주시청,063-281-2378,2022-06-15
완산-149,전라북도,전주시 완산구,시도,,전라감영로,3,전라북도 전주시 완산구 전라감영로 40,전라북도 전주시 완산구 중앙동4가 31-7,중앙동,2235,35.81516028,127.1435,전라감영로 태조궁,4,0,,,,,전라북도 전주시청,063-281-2378,2022-06-15
완산-148,전라북도,전주시 완산구,시도,,전라감영로,3,전라북도 전주시 완산구 전라감영로 54,전라북도 전주시 완산구 중앙동4가 36-2,중앙동,2235,35.81535394,127.144943,전라감영로 예림화랑,4,0,,,,,전라북도 전주시청,063-281-2378,2022-06-15
완산-120,전라북도,전주시 완산구,시도,,태평3길,3,,전라북도 전주시 완산구 태평동 44-2,중앙동,2235,35.82326227,127.1423126,태평동 대양아리스타 주변,4,0,,,,,전라북도 전주시청,063-281-2378,2022-06-15
완산-121,전라북도,전주시 완산구,시도,,태평3길,3,,전라북도 전주시 완산구 태평동 44-2,중앙동,2235,35.82326227,127.1423126,태평동 대양아리스타 주변,4,0,,,,,전라북도 전주시청,063-281-2378,2022-06-15
완산-122,전라북도,전주시 완산구,시도,,태평4길,3,,전라북도 전주시 완산구 태평동 44-2,중앙동,2235,35.82326227,127.1423126,태평동 대양아리스타 주변,4,0,,,,,전라북도 전주시청,063-281-2378,2022-06-15
완산-123,전라북도,전주시 완산구,시도,,대동로,3,,전라북도 전주시 완산구 태평동 44-2,중앙동,2235,35.82326227,127.1423126,태평동 대양아리스타 주변,4,0,,,,,전라북도 전주시청,063-281-2378,2022-06-15
완산방-12,전라북도,전주시 덕진구,시도,,대동로,3,전라북도 전주시 완산구 대동로 33,전라북도 전주시 완산구 태평동 64-1,중앙동,2235,35.82259291,127.1396496,전주초등학교 정문,4,0,,,,,전라북도 전주시청,063-281-2378,2022-06-15
완산-141,전라북도,전주시 완산구,시도,,선너머로,3,전라북도 전주시 완산구 선너머로 78,전라북도 전주시 완산구 중화산동1가 217-1,중화산1동,2223,35.81501648,127.133121,예수병원 장례식장 입구,4,0,,,,,전라북도 전주시청,063-281-2378,2022-06-15
완산-92,전라북도,전주시 완산구,시도,,서원로,3,전라북도 전주시 완산구 서원로 365,전라북도 전주시 완산구 중화산동1가 365-8,중화산1동,2223,35.81433164,127.132606,예수병원 버스승강장 앞,4,0,,,,,전라북도 전주시청,063-281-2378,2022-06-15
완산-100,전라북도,전주시 완산구,시도,,서원로,3,전라북도 전주시 완산구 서원로 365,전라북도 전주시 완산구 중화산동1가 365-8,중화산1동,2223,35.81433164,127.132606,예수병원 주차장 앞,4,0,,,,,전라북도 전주시청,063-281-2378,2022-06-15
완산-30,전라북도,전주시 완산구,시도,,한두평2길,3,전라북도 전주시 완산구 선너머1길 50,전라북도 전주시 완산구 중화산동2가 151-9,중화산1동,2223,35.81453941,127.1259579,MBC문화방송,4,0,,,,,전라북도 전주시청,063-281-2378,2022-06-15
완산방-19,전라북도,전주시 덕진구,시도,,따박골6길,3,전라북도 전주시 완산구 따박골7길 20,전라북도 전주시 완산구 중화산동2가 46-25,중화산1동,2223,35.80935287,127.1299903,화산초등학교 정문,4,0,,,,,전라북도 전주시청,063-281-2378,2022-06-15
완산-34,전라북도,전주시 완산구,시도,,안행로,3,전라북도 전주시 완산구 안행로 165-5,전라북도 전주시 완산구 중화산동2가 850,중화산1동,2223,35.81024885,127.131199,중화산동영무예다음-1,4,0,,,,,전라북도 전주시청,063-281-2378,2022-06-15
완산-35,전라북도,전주시 완산구,시도,,안행로,3,전라북도 전주시 완산구 안행로 165-5,전라북도 전주시 완산구 중화산동2가 850,중화산1동,2223,35.81024885,127.131199,중화산동영무예다음-2,4,0,,,,,전라북도 전주시청,063-281-2378,2022-06-15
완산-27,전라북도,전주시 완산구,시도,,백제대로,3,전라북도 전주시 완산구 백제대로 340,전라북도 전주시 완산구 중화산동2가 266-43,중화산2동,2224,35.82340952,127.1231808,힐스타운 단지내,4,0,,,,,전라북도 전주시청,063-281-2378,2022-06-15
완산-28,전라북도,전주시 완산구,시도,,신촌3길,3,전라북도 전주시 완산구 신촌3길 15,전라북도 전주시 완산구 중화산동2가 484-9,중화산2동,2224,35.81685577,127.1163634,토탈사우나,4,0,,,,,전라북도 전주시청,063-281-2378,2022-06-15
완산-29,전라북도,전주시 완산구,시도,,신촌3길,3,전라북도 전주시 완산구 신촌3길 28-4,전라북도 전주시 완산구 중화산동2가 495-49,중화산2동,2224,35.81757823,127.1152257,중화산2동 공영주차장,4,0,,,,,전라북도 전주시청,063-281-2378,2022-06-15
완산방-13,전라북도,전주시 덕진구,시도,,중산7길,3,전라북도 전주시 완산구 중산중앙로 9-10,전라북도 전주시 완산구 중화산동2가 614,중화산2동,2224,35.81746652,127.1196127,중산초등학교 정문,4,0,,,,,전라북도 전주시청,063-281-2378,2022-06-15
완산-135,전라북도,전주시 완산구,시도,,백제대로,3,전라북도 전주시 완산구 백제대로 259,전라북도 전주시 완산구 중화산동2가 629-5,중화산2동,2224,35.81622969,127.1225886,백제대로 어은터널 사거리,4,0,,,,,전라북도 전주시청,063-281-2378,2022-06-15
완산-31,전라북도,전주시 완산구,시도,,유연로,3,전라북도 전주시 완산구 유연로 276,전라북도 전주시 완산구 중화산동2가 743-8,중화산2동,2224,35.82516592,127.115528,본병원 앞,4,0,,,,,전라북도 전주시청,063-281-2378,2022-06-15
완산-32,전라북도,전주시 완산구,시도,,화산천변로,3,전라북도 전주시 완산구 화산천변로 19,전라북도 전주시 완산구 중화산동2가 751-7,중화산2동,2224,35.82078223,127.115957,중화산2동 주민센터,4,0,,,,,전라북도 전주시청,063-281-2378,2022-06-15
완산방-17,전라북도,전주시 덕진구,시도,,화산천변8길,3,전라북도 전주시 완산구 화산천변8길 10,전라북도 전주시 완산구 중화산동2가 752-4,중화산2동,2224,35.82139815,127.1169821,한들초등학교 정문,4,0,,,,,전라북도 전주시청,063-281-2378,2022-06-15
완산-33,전라북도,전주시 완산구,시도,,효자로,3,전라북도 전주시 완산구 효자로 282,전라북도 전주시 완산구 중화산동2가 771-1,중화산2동,2224,35.81887244,127.1163536,중화산동 농협~효자다리,4,0,,,,,전라북도 전주시청,063-281-2378,2022-06-15
덕진-47,전라북도,전주시 덕진구,시도,,벚꽃길,3,전라북도 전주시 덕진구 벚꽃로 48,전라북도 전주시 덕진구 진북동 1021-2,진북동,2253,35.82881039,127.1347874,덕진구청 앞,4,0,,,,,전라북도 전주시청,063-281-2378,2022-06-15
덕진방-20,전라북도,전주시 덕진구,시도,,진북1길,3,전라북도 전주시 덕진구 진북1길 11,전라북도 전주시 덕진구 진북동 1046-1,진북동,2253,35.82531307,127.1320076,진북초등학교 정문,4,0,,,,,전라북도 전주시청,063-281-2378,2022-06-15
덕진-45,전라북도,전주시 덕진구,시도,,기린대로,3,전라북도 전주시 덕진구 기린대로 311,전라북도 전주시 덕진구 진북동 320-31,진북동,2253,35.83205241,127.1388867,기린전자상가(서),4,0,,,,,전라북도 전주시청,063-281-2378,2022-06-15
덕진-46,전라북도,전주시 덕진구,시도,,기린대로,3,전라북도 전주시 덕진구 기린대로 293-1,전라북도 전주시 덕진구 진북동 320-44,진북동,2253,35.83103213,127.1401755,기린전자상가(동),4,0,,,,,전라북도 전주시청,063-281-2378,2022-06-15
덕진-49,전라북도,전주시 덕진구,시도,,팔달로,3,전라북도 전주시 덕진구 팔달로 304,전라북도 전주시 덕진구 진북동 358-6,진북동,2253,35.82876912,127.1416765,흥국생명,4,0,,,,,전라북도 전주시청,063-281-2378,2022-06-15
덕진어-1,전라북도,전주시 덕진구,시도,,태진로,3,전라북도 전주시 덕진구 태진로 98,전라북도 전주시 덕진구 진북동 382-1,진북동,2253,35.83036037,127.1375719,전일초등학교 정문,4,0,,,,,전라북도 전주시청,063-281-2378,2022-06-15
덕진-48,전라북도,전주시 덕진구,시도,,태진로,3,전라북도 전주시 덕진구 태진로 100,전라북도 전주시 덕진구 진북동 382-7,진북동,2253,35.83017938,127.1369597,노블레스예식장,4,0,,,,,전라북도 전주시청,063-281-2378,2022-06-15
덕진-119,전라북도,전주시 덕진구,시도,,기린대로,3,전라북도 전주시 덕진구 기린대로 800,전라북도 전주시 덕진구 팔복동1가 333-36,팔복동,2245,35.85861058,127.0968617,더메이호텔 정문,4,0,,,,,전라북도 전주시청,063-281-2378,2022-06-15
덕진-120,전라북도,전주시 덕진구,시도,,기린대로,3,전라북도 전주시 덕진구 기린대로 800,전라북도 전주시 덕진구 팔복동1가 333-36,팔복동,2245,35.85861058,127.0968617,더메이호텔 후문,4,0,,,,,전라북도 전주시청,063-281-2378,2022-06-15
덕진-50,전라북도,전주시 덕진구,시도,,기린대로,3,전라북도 전주시 덕진구 기린대로 699,전라북도 전주시 덕진구 팔복동2가 250-18,팔복동,2245,35.85324618,127.1049587,팔복동 근린상가 앞,4,0,,,,,전라북도 전주시청,063-281-2378,2022-06-15
덕진-98,전라북도,전주시 덕진구,시도,,기린대로,3,전라북도 전주시 덕진구 기린대로 945-3,전라북도 전주시 덕진구 팔복동2가 797-18,팔복동,2245,35.86438363,127.0818651,팔복동 소상공인센터 주변,4,0,,,,,전라북도 전주시청,063-281-2378,2022-06-15
완산방-16,전라북도,전주시 덕진구,시도,,꽃밭정로,3,전라북도 전주시 완산구 꽃밭정로 65,전라북도 전주시 완산구 평화동1가 389-2,평화1동,2225,35.7994125,127.1394668,평화초등학교 정문,4,0,,,,,전라북도 전주시청,063-281-2378,2022-06-15
완산-37,전라북도,전주시 완산구,시도,,장승배기로,3,전라북도 전주시 완산구 장승배기로 262,전라북도 전주시 완산구 평화동1가 445-10,평화1동,2225,35.79813951,127.1408952,평화주공 지하보도,4,0,,,,,전라북도 전주시청,063-281-2378,2022-06-15
완산-38,전라북도,전주시 완산구,시도,,덕적골2길,3,전라북도 전주시 완산구 덕적골2길 25,전라북도 전주시 완산구 평화동1가 445-6,평화1동,2225,35.79561646,127.1418577,평화1동주민센터 골목,4,0,,,,,전라북도 전주시청,063-281-2378,2022-06-15
완산-138,전라북도,전주시 완산구,시도,,덕적골3길,3,전라북도 전주시 완산구 덕적골3길 60,전라북도 전주시 완산구 평화동1가 767,평화1동,2225,35.79482074,127.1426156,평화동 플러스하임 정문,4,0,,,,,전라북도 전주시청,063-281-2378,2022-06-15
완산-139,전라북도,전주시 완산구,시도,,덕적골3길,3,전라북도 전주시 완산구 덕적골3길 60,전라북도 전주시 완산구 평화동1가 767,평화1동,2225,35.79482074,127.1426156,평화동 플러스하임 후문,4,0,,,,,전라북도 전주시청,063-281-2378,2022-06-15
완산-39,전라북도,전주시 완산구,시도,,장승백이로,3,전라북도 전주시 완산구 장승배기로 200,전라북도 전주시 완산구 평화동1가 710-7,평화2동,2226,35.79602215,127.1347789,꽃밭정이 사거리 (1대)-한양병원앞,4,0,,,,,전라북도 전주시청,063-281-2378,2022-06-15
완산-40,전라북도,전주시 완산구,시도,,모악로,3,전라북도 전주시 완산구 모악로 4746,전라북도 전주시 완산구 평화동1가 736-3,평화2동,2226,35.7929159,127.1323047,평화동 국민은행 사거리,4,0,,,,,전라북도 전주시청,063-281-2378,2022-06-15
완산어-8,전라북도,전주시 덕진구,시도,,평화8길,3,전라북도 전주시 완산구 평화8길 16-36,전라북도 전주시 완산구 평화동2가 229,평화2동,2226,35.7898653,127.1338498,신성초등학교 정문,4,0,,,,,전라북도 전주시청,063-281-2378,2022-06-15
완산노-1,전라북도,전주시 덕진구,시도,,평화14길,3,전라북도 전주시 완산구 평화14길 27-53,전라북도 전주시 완산구 평화동2가 230-2,평화2동,2226,35.79144427,127.1340594,꽃밭정이 노인복지관,4,0,,,,,전라북도 전주시청,063-281-2378,2022-06-15
완산-107,전라북도,전주시 완산구,시도,,모악로,3,전라북도 전주시 완산구 모악로 4688,전라북도 전주시 완산구 평화동2가 306-4,평화2동,2226,35.78780404,127.1307179,광신프로그레스 주변,4,0,,,,,전라북도 전주시청,063-281-2378,2022-06-15
완산-106,전라북도,전주시 완산구,시도,,모악로,3,,전라북도 전주시 완산구 평화동2가 458-106,평화2동,2226,35.78559795,127.1262739,광신프로그레스 주변,4,0,,,,,전라북도 전주시청,063-281-2378,2022-06-15
완산-133,전라북도,전주시 완산구,시도,,맏내로,3,,전라북도 전주시 완산구 평화동2가 458-19,평화2동,2226,35.7865217,127.1253854,평화동 대정초교 옆 삼거리,4,0,,,,,전라북도 전주시청,063-281-2378,2022-06-15
완산-131,전라북도,전주시 완산구,시도,,맏내로,3,,전라북도 전주시 완산구 평화동2가 475-1,평화2동,2226,35.78301267,127.1247593,평화동 골드클래스2차 후문앞,4,0,,,,,전라북도 전주시청,063-281-2378,2022-06-15
완산방-8,전라북도,전주시 덕진구,시도,,양지2길,3,전라북도 전주시 완산구 양지2길 11-26,전라북도 전주시 완산구 평화동2가 582,평화2동,2226,35.79251889,127.125929,양지초등학교,4,0,,,,,전라북도 전주시청,063-281-2378,2022-06-15
완산방-15,전라북도,전주시 덕진구,시도,,평화로,3,전라북도 전주시 완산구 평화로 85,전라북도 전주시 완산구 평화동2가 897-3,평화2동,2226,35.78433159,127.1329066,지곡초등학교 정문,4,0,,,,,전라북도 전주시청,063-281-2378,2022-06-15
완산-41,전라북도,전주시 완산구,시도,,양지3길,3,전라북도 전주시 완산구 양지3길 15,전라북도 전주시 완산구 평화동2가 953,평화2동,2226,35.78969789,127.1184309,평화동 엠코타운 뒤,4,0,,,,,전라북도 전주시청,063-281-2378,2022-06-15
완산-42,전라북도,전주시 완산구,시도,,양지3길,3,전라북도 전주시 완산구 양지3길 15,전라북도 전주시 완산구 평화동2가 953,평화2동,2226,35.78969789,127.1184309,평화동 엠코타운 정문,4,0,,,,,전라북도 전주시청,063-281-2378,2022-06-15
완산-101,전라북도,전주시 완산구,시도,,구이로,3,전라북도 전주시 완산구 구이로 2077,전라북도 전주시 완산구 평화동2가 955,평화2동,2226,35.78399198,127.1291127,평화골드클레스 앞,4,0,,,,,전라북도 전주시청,063-281-2378,2022-06-15
완산-132,전라북도,전주시 완산구,시도,,맏내로,3,,전라북도 전주시 완산구 평화동2가 957,평화2동,2226,35.78405565,127.1258525,평화동 골드클래스2차 정문앞,4,0,,,,,전라북도 전주시청,063-281-2378,2022-06-15
완산어-6,전라북도,전주시 덕진구,시도,,구이로,3,전라북도 전주시 완산구 구이로 1979,전라북도 전주시 완산구 평화동3가 226,평화2동,2226,35.77555003,127.1280733,문정초등학교 정문,4,0,,,,,전라북도 전주시청,063-281-2378,2022-06-15
완산-136,전라북도,전주시 완산구,시도,,동문길,3,전라북도 전주시 완산구 동문길 100,전라북도 전주시 완산구 경원동1가 12-4,풍남동,2236,35.81813082,127.1485548,동문길 창작소극장 옆 사거리,4,0,,,,,전라북도 전주시청,063-281-2378,2022-06-15
완산-1,전라북도,전주시 완산구,시도,,팔달로+충경로,3,전라북도 전주시 완산구 팔달로 182,전라북도 전주시 완산구 경원동1가 52-6,풍남동,2236,35.81879789,127.147047,충경로 네거리,4,0,,,,,전라북도 전주시청,063-281-2378,2022-06-15
완산-152,전라북도,전주시 완산구,시도,,현무1길,3,전라북도 전주시 완산구 현무1길 31-2,전라북도 전주시 완산구 경원동3가 33-1,풍남동,2236,35.82174317,127.1472275,건강보험공단(베스트웨스턴호텔),4,0,,,,,전라북도 전주시청,063-281-2378,2022-06-15
완산-153,전라북도,전주시 완산구,시도,,팔달로,3,전라북도 전주시 완산구 팔달로 212,전라북도 전주시 완산구 경원동3가 35-2,풍남동,2236,35.82114799,127.1461822,오거리분식(베스트웨스턴호텔),4,0,,,,,전라북도 전주시청,063-281-2378,2022-06-15
완산-147,전라북도,전주시 완산구,시도,,전라감영로,3,전라북도 전주시 완산구 전라감영로 69,전라북도 전주시 완산구 전동 140-16,풍남동,2236,35.81592151,127.1468309,전라감영로 문우당앞,4,0,,,,,전라북도 전주시청,063-281-2378,2022-06-15
완산-23,전라북도,전주시 완산구,시도,,팔달로,3,전라북도 전주시 완산구 태조로 51,전라북도 전주시 완산구 전동 200-1,풍남동,2236,35.81357296,127.1489248,전동성당,4,0,,,,,전라북도 전주시청,063-281-2378,2022-06-15
완산-24,전라북도,전주시 완산구,시도,,팔달로,3,전라북도 전주시 완산구 팔달로 104,전라북도 전주시 완산구 전동 227-3,풍남동,2236,35.8119344,127.1496268,남부시장(표정형외과),4,0,,,,,전라북도 전주시청,063-281-2378,2022-06-15
완산-89,전라북도,전주시 완산구,시도,,풍남문2길,3,전라북도 전주시 완산구 풍남문3길 1,전라북도 전주시 완산구 전동 83-4,풍남동,2236,35.81350837,127.147579,GS편의점 앞,4,0,,,,,전라북도 전주시청,063-281-2378,2022-06-15
완산-90,전라북도,전주시 완산구,시도,,풍남문2길,3,전라북도 전주시 완산구 풍남문3길 1,전라북도 전주시 완산구 전동 83-4,풍남동,2236,35.81350837,127.147579,태양신발마트 앞,4,0,,,,,전라북도 전주시청,063-281-2378,2022-06-15
완산-137,전라북도,전주시 완산구,시도,,동문길,3,전라북도 전주시 완산구 동문길 35,전라북도 전주시 완산구 풍남동2가 23-2,풍남동,2236,35.81886107,127.1519715,동문길 춘하추동옆 사거리,4,0,,,,,전라북도 전주시청,063-281-2378,2022-06-15
완산-43,전라북도,전주시 완산구,시도,,태조로,3,,전라북도 전주시 완산구 풍남동3가 102,풍남동,2236,35.815519,127.1501202,한옥마을-1(경기전),4,0,,,,,전라북도 전주시청,063-281-2378,2022-06-15
완산-44,전라북도,전주시 완산구,시도,,태조로,3,전라북도 전주시 완산구 태조로 6,전라북도 전주시 완산구 풍남동3가 15-11,풍남동,2236,35.81513827,127.1539287,한옥마을-3(관광안내소),4,0,,,,,전라북도 전주시청,063-281-2378,2022-06-15
완산-45,전라북도,전주시 완산구,시도,,기린대로,3,전라북도 전주시 완산구 기린대로 77,전라북도 전주시 완산구 풍남동3가 23-2,풍남동,2236,35.81629161,127.1543527,르윈(리베라)호텔 옆,4,0,,,,,전라북도 전주시청,063-281-2378,2022-06-15
완산-36,전라북도,전주시 완산구,시도,,한지길,3,,전라북도 전주시 완산구 풍남동3가 25-2,풍남동,2236,35.81658114,127.1538457,라한호텔뒤편,4,0,,,,,전라북도 전주시청,063-281-2378,2022-06-15
완산-46,전라북도,전주시 완산구,시도,,태조로,3,전라북도 전주시 완산구 태조로 20,전라북도 전주시 완산구 풍남동3가 63-3,풍남동,2236,35.81475917,127.1523975,한옥마을-2,4,0,,,,,전라북도 전주시청,063-281-2378,2022-06-15
완산방-14,전라북도,전주시 덕진구,시도,,경기전길,3,전라북도 전주시 완산구 경기전길 99,전라북도 전주시 완산구 풍남동3가 67-3,풍남동,2236,35.8150717,127.1513507,중앙초등학교 정문,4,0,,,,,전라북도 전주시청,063-281-2378,2022-06-15
덕진-80,전라북도,전주시 덕진구,시도,,월방7길,3,전라북도 전주시 덕진구 월방7길 16,전라북도 전주시 덕진구 만성동 1190-2,혁신동,3459,35.83535323,127.0735726,만성시티프라디움 주변,4,0,,,,,전라북도 전주시청,063-281-2378,2022-06-15
덕진-81,전라북도,전주시 덕진구,시도,,월방7길,3,전라북도 전주시 덕진구 월방7길 16,전라북도 전주시 덕진구 만성동 1190-2,혁신동,3459,35.83535323,127.0735726,만성시티프라디움 주변,4,0,,,,,전라북도 전주시청,063-281-2378,2022-06-15
덕진-123,전라북도,전주시 덕진구,시도,,오공로,3,,전라북도 전주시 덕진구 만성동 1224,혁신동,3459,35.83525521,127.0705337,국민연금공단글로벌기금관,4,0,,,,,전라북도 전주시청,063-281-2378,2022-06-15
덕진-76,전라북도,전주시 덕진구,시도,,기지로,3,전라북도 전주시 덕진구 기지로 170,전라북도 전주시 덕진구 만성동 1252,혁신동,3459,35.83794778,127.0703984,기금운용본부 앞,4,0,,,,,전라북도 전주시청,063-281-2378,2022-06-15
덕진-73,전라북도,전주시 덕진구,시도,,오공로,3,전라북도 전주시 덕진구 오공로 71,전라북도 전주시 덕진구 중동 789,혁신동,3459,35.83805553,127.062305,호반베르디움1차 정문,4,0,,,,,전라북도 전주시청,063-281-2378,2022-06-15
덕진-74,전라북도,전주시 덕진구,시도,,오공로,3,전라북도 전주시 덕진구 오공로 68,전라북도 전주시 덕진구 중동 798,혁신동,3459,35.83581316,127.0629006,우미린아파트 1차 정문,4,0,,,,,전라북도 전주시청,063-281-2378,2022-06-15
덕진어-6,전라북도,전주시 덕진구,시도,,중동로,3,전라북도 전주시 덕진구 중동로 32,전라북도 전주시 덕진구 중동 803,혁신동,3459,35.83673137,127.0654162,만성초등학교 후문,4,0,,,,,전라북도 전주시청,063-281-2378,2022-06-15
덕진-75,전라북도,전주시 덕진구,시도,,오공로,3,전라북도 전주시 덕진구 오공로 100,전라북도 전주시 덕진구 중동 807,혁신동,3459,35.83551473,127.0663085,호반아파트3차 정문,4,0,,,,,전라북도 전주시청,063-281-2378,2022-06-15
덕진-111,전라북도,전주시 덕진구,시도,,기지로,3,,전라북도 전주시 덕진구 중동 812,혁신동,3459,35.83837964,127.0614961,혁신 출판문화산업진흥원부근,4,0,,,,,전라북도 전주시청,063-281-2378,2022-06-15
덕진방-10,전라북도,전주시 덕진구,시도,,소리로,3,전라북도 전주시 덕진구 소리로 180,전라북도 전주시 덕진구 호성동1가 736,호성동,2248,35.85655402,127.1515186,북초등학교 정문,4,0,,,,,전라북도 전주시청,063-281-2378,2022-06-15
덕진-109,전라북도,전주시 덕진구,시도,,동부대로,3,전라북도 전주시 덕진구 동부대로 803,전라북도 전주시 덕진구 호성동1가 791-1,호성동,2248,35.85913066,127.154112,호성동 동부대로 다이소앞,4,0,,,,,전라북도 전주시청,063-281-2378,2022-06-15
덕진-59,전라북도,전주시 덕진구,시도,,호성2길,3,전라북도 전주시 덕진구 호성2길 16,전라북도 전주시 덕진구 호성동1가 826,호성동,2248,35.85942009,127.1521699,동아아파트 주변,4,0,,,,,전라북도 전주시청,063-281-2378,2022-06-15
덕진어-3,전라북도,전주시 덕진구,시도,,호성로,3,전라북도 전주시 덕진구 호성로 130,전라북도 전주시 덕진구 호성동1가 829-2,호성동,2248,35.86298745,127.1476087,만수초등학교 후문,4,0,,,,,전라북도 전주시청,063-281-2378,2022-06-15
완산-47,전라북도,전주시 완산구,시도,,용머리로,3,전라북도 전주시 완산구 용머리로 159,전라북도 전주시 완산구 효자동1가 193-4,효자1동,2231,35.80626342,127.1274742,서부시장 삼거리,4,0,,,,,전라북도 전주시청,063-281-2378,2022-06-15
완산-48,전라북도,전주시 완산구,시도,,용머리로,3,전라북도 전주시 완산구 용머리로 144-1,전라북도 전주시 완산구 효자동1가 195-20,효자1동,2231,35.80567639,127.1260541,서부시장 앞,4,0,,,,,전라북도 전주시청,063-281-2378,2022-06-15
완산어-10,전라북도,전주시 덕진구,시도,,안행로,3,전라북도 전주시 완산구 안행로 127,전라북도 전주시 완산구 효자동1가 63-7,효자1동,2231,35.8067646,127.1336242,완산서초등학교 정문,4,0,,,,,전라북도 전주시청,063-281-2378,2022-06-15
완산노-3,전라북도,전주시 덕진구,시도,,안행로 73,3,전라북도 전주시 완산구 안행로 73,전라북도 전주시 완산구 효자동1가 692-3,효자1동,2231,35.80303252,127.1351177,전주시 노인취업지원센터,4,0,,,,,전라북도 전주시청,063-281-2378,2022-06-15
완산-49,전라북도,전주시 완산구,시도,,용머리로,3,전라북도 전주시 완산구 용머리로 63,전라북도 전주시 완산구 효자동1가 287-1,효자2동,2232,35.80687206,127.1171816,안행교 사거리,4,0,,,,,전라북도 전주시청,063-281-2378,2022-06-15
완산-144,전라북도,전주시 완산구,시도,,백제대로,3,전라북도 전주시 완산구 백제대로 141,전라북도 전주시 완산구 효자동1가 548-2,효자2동,2232,35.80561349,127.1228248,효자광장 사거리,4,0,,,,,전라북도 전주시청,063-281-2378,2022-06-15
완산어-15,전라북도,전주시 덕진구,시도,,송정로,3,전라북도 전주시 완산구 송정로 47,전라북도 전주시 완산구 효자동1가 567,효자2동,2232,35.80324965,127.1227522,효자초등학교 정문,4,0,,,,,전라북도 전주시청,063-281-2378,2022-06-15
완산-55,전라북도,전주시 완산구,시도,,서원로,3,전라북도 전주시 완산구 서원로 220,전라북도 전주시 완산구 효자동1가 594-1,효자2동,2232,35.81242381,127.1184945,완산구청 아래 사거리(이설),4,0,,,,,전라북도 전주시청,063-281-2378,2022-06-15
완산-143,전라북도,전주시 완산구,시도,,신봉로,3,전라북도 전주시 완산구 신봉로 17,전라북도 전주시 완산구 효자동1가 619-16,효자2동,2232,35.81047132,127.1169219,서원초뒤편 홀짝제노상주차장,4,0,,,,,전라북도 전주시청,063-281-2378,2022-06-15
완산방-6,전라북도,전주시 덕진구,시도,,오두정길,3,전라북도 전주시 완산구 오두정길 45,전라북도 전주시 완산구 효자동1가 633,효자2동,2232,35.80930758,127.1186102,서원초등학교 정문,4,0,,,,,전라북도 전주시청,063-281-2378,2022-06-15
완산-88,전라북도,전주시 완산구,시도,,용머리로,3,전라북도 전주시 완산구 용머리로 101,전라북도 전주시 완산구 효자동1가 810,효자2동,2232,35.80672988,127.1202424,신원리브웰아파트 정문 앞,4,0,,,,,전라북도 전주시청,063-281-2378,2022-06-15
완산-51,전라북도,전주시 완산구,시도,,용머리로,3,전라북도 전주시 완산구 용머리로 29,전라북도 전주시 완산구 효자동1가 414,효자3동,2233,35.80830077,127.1126286,효자 롯데아파트 입구,4,0,,,,,전라북도 전주시청,063-281-2378,2022-06-15
완산-52,전라북도,전주시 완산구,시도,,용머리로,3,전라북도 전주시 완산구 용머리로 31,전라북도 전주시 완산구 효자동1가 432-24,효자3동,2233,35.80657657,127.1142487,효자동홈플러스 뒤,4,0,,,,,전라북도 전주시청,063-281-2378,2022-06-15
완산-53,전라북도,전주시 완산구,시도,,용머리로,3,전라북도 전주시 완산구 용머리로 31,전라북도 전주시 완산구 효자동1가 432-24,효자3동,2233,35.80657657,127.1142487,효자동홈플러스 앞,4,0,,,,,전라북도 전주시청,063-281-2378,2022-06-15
완산-54,전라북도,전주시 완산구,시도,,용머리로,3,전라북도 전주시 완산구 용머리로 45,전라북도 전주시 완산구 효자동1가 443-1,효자3동,2233,35.80692508,127.1155719,CGV효자점 앞,4,0,,,,,전라북도 전주시청,063-281-2378,2022-06-15
완산-50,전라북도,전주시 완산구,시도,,거마평로,3,전라북도 전주시 완산구 거마평로 217,전라북도 전주시 완산구 효자동1가 536-3,효자3동,2233,35.81083645,127.1143659,효자동뷰티빌아파트,4,0,,,,,전라북도 전주시청,063-281-2378,2022-06-15
완산방-20,전라북도,전주시 덕진구,시도,,거마평로,3,전라북도 전주시 완산구 거마평로 105,전라북도 전주시 완산구 효자동1가 654-1,효자3동,2233,35.80153545,127.1164974,효문초등학교 정문,4,0,,,,,전라북도 전주시청,063-281-2378,2022-06-15
완산어-14,전라북도,전주시 덕진구,시도,,강변로,3,전라북도 전주시 완산구 강변로 128,전라북도 전주시 완산구 효자동1가 659-2,효자3동,2233,35.80299582,127.1130419,효림초등학교 정문,4,0,,,,,전라북도 전주시청,063-281-2378,2022-06-15
완산-7,전라북도,전주시 완산구,시도,,용리9길,3,전라북도 전주시 완산구 거마평로 73,전라북도 전주시 완산구 효자동1가 670,효자3동,2233,35.79890503,127.1162973,완산소방서 사거리,4,0,,,,,전라북도 전주시청,063-281-2378,2022-06-15
완산-56,전라북도,전주시 완산구,시도,,범안1길,3,전라북도 전주시 완산구 세내로 239,전라북도 전주시 완산구 효자동2가 100-1,효자4동,2234,35.81064708,127.1085536,포스코더 샵 후문,4,0,,,,,전라북도 전주시청,063-281-2378,2022-06-15
완산어-11,전라북도,전주시 덕진구,시도,,소태정로,3,전라북도 전주시 완산구 소태정로 21,전라북도 전주시 완산구 효자동2가 1193-6,효자4동,2234,35.80662618,127.0982863,우림초등학교 정문,4,0,,,,,전라북도 전주시청,063-281-2378,2022-06-15
완산어-4,전라북도,전주시 덕진구,시도,,봉곡로,3,전라북도 전주시 완산구 봉곡로 60,전라북도 전주시 완산구 효자동2가 1314-5,효자4동,2234,35.81149179,127.1002986,새연초등학교 정문,4,0,,,,,전라북도 전주시청,063-281-2378,2022-06-15
완산-63,전라북도,전주시 완산구,시도,,홍산로,3,전라북도 전주시 완산구 홍산로 158,전라북도 전주시 완산구 효자동2가 1333-1,효자4동,2234,35.80745902,127.1049186,LH공사 사거리(남),4,0,,,,,전라북도 전주시청,063-281-2378,2022-06-15
완산-64,전라북도,전주시 완산구,시도,,홍산로,3,전라북도 전주시 완산구 홍산로 158,전라북도 전주시 완산구 효자동2가 1333-1,효자4동,2234,35.80745902,127.1049186,LH공사 사거리(북),4,0,,,,,전라북도 전주시청,063-281-2378,2022-06-15
완산-65,전라북도,전주시 완산구,시도,,우전1길,3,전라북도 전주시 완산구 홍산로 158,전라북도 전주시 완산구 효자동2가 1333-1,효자4동,2234,35.80745902,127.1049186,LH공사 주차장입구,4,0,,,,,전라북도 전주시청,063-281-2378,2022-06-15
완산-118,전라북도,전주시 완산구,시도,,효천중앙로,3,전라북도 전주시 완산구 효천중앙로 17,전라북도 전주시 완산구 효자동2가 1363,효자4동,2234,35.79879512,127.1035321,효천지구 우미린1차 주변,4,0,,,,,전라북도 전주시청,063-281-2378,2022-06-15
완산-119,전라북도,전주시 완산구,시도,,효천중앙로,3,전라북도 전주시 완산구 효천중앙로 17,전라북도 전주시 완산구 효자동2가 1363,효자4동,2234,35.79879512,127.1035321,효천지구 우미린1차 주변,4,0,,,,,전라북도 전주시청,063-281-2378,2022-06-15
완산-127,전라북도,전주시 완산구,시도,,홍산로,3,전라북도 전주시 완산구 홍산로 75,전라북도 전주시 완산구 효자동2가 1364,효자4동,2234,35.80122719,127.1057977,효천지구 우미린2차 정문,4,0,,,,,전라북도 전주시청,063-281-2378,2022-06-15
완산-128,전라북도,전주시 완산구,시도,,홍산로,3,전라북도 전주시 완산구 홍산로 77,전라북도 전주시 완산구 효자동2가 1364,효자4동,2234,35.79949192,127.1041226,효천지구 우미린2차 우전교,4,0,,,,,전라북도 전주시청,063-281-2378,2022-06-15
완산-142,전라북도,전주시 완산구,시도,,세내로,3,전라북도 전주시 완산구 세내로 59,전라북도 전주시 완산구 효자동2가 1382,효자4동,2234,35.79682883,127.1079434,효천리버클래스 정문 천변,4,0,,,,,전라북도 전주시청,063-281-2378,2022-06-15
완산-129,전라북도,전주시 완산구,시도,,효천중앙로,3,전라북도 전주시 완산구 효천중앙로 30,전라북도 전주시 완산구 효자동2가 1383-2,효자4동,2234,35.79852545,127.1054183,효천지구 대방노블랜드 효천초옆,4,0,,,,,전라북도 전주시청,063-281-2378,2022-06-15
완산-130,전라북도,전주시 완산구,시도,,효천중앙로,3,전라북도 전주시 완산구 효천중앙로 30,전라북도 전주시 완산구 효자동2가 1383-2,효자4동,2234,35.79852545,127.1054183,효천지구 대방노블랜드 후문앞,4,0,,,,,전라북도 전주시청,063-281-2378,2022-06-15
완산어-12,전라북도,전주시 덕진구,시도,,우전2길,3,전라북도 전주시 완산구 우전2길 11,전라북도 전주시 완산구 효자동2가 188,효자4동,2234,35.80597309,127.1073907,우전초등학교 정문,4,0,,,,,전라북도 전주시청,063-281-2378,2022-06-15
완산-66,전라북도,전주시 완산구,시도,,쑥고개로,3,전라북도 전주시 완산구 쑥고개로 249,전라북도 전주시 완산구 효자동2가 900,효자4동,2234,35.80103866,127.0883735,N타워 컨벤션,4,0,,,,,전라북도 전주시청,063-281-2378,2022-06-15
완산-67,전라북도,전주시 완산구,시도,,서원로,3,전라북도 전주시 완산구 홍산1길 21,전라북도 전주시 완산구 효자동2가 1157-3,효자5동,3458,35.81439897,127.1073162,서희스타힐스 주상복합 앞,4,0,,,,,전라북도 전주시청,063-281-2378,2022-06-15
완산-68,전라북도,전주시 완산구,시도,,홍산로,3,전라북도 전주시 완산구 홍산1길 21,전라북도 전주시 완산구 효자동2가 1157-3,효자5동,3458,35.81439897,127.1073162,서희스타힐스 주상복합 옆,4,0,,,,,전라북도 전주시청,063-281-2378,2022-06-15
완산-57,전라북도,전주시 완산구,시도,,서원로,3,전라북도 전주시 완산구 홍산1길 7,전라북도 전주시 완산구 효자동2가 1157-4,효자5동,3458,35.8140433,127.1086523,SK리더스뷰 뒤,4,0,,,,,전라북도 전주시청,063-281-2378,2022-06-15
완산-58,전라북도,전주시 완산구,시도,,홍산1길,3,전라북도 전주시 완산구 홍산1길 7,전라북도 전주시 완산구 효자동2가 1157-4,효자5동,3458,35.8140433,127.1086523,SK리더스뷰 앞,4,0,,,,,전라북도 전주시청,063-281-2378,2022-06-15
완산-59,전라북도,전주시 완산구,시도,,홍산북로,3,전라북도 전주시 완산구 홍산북로 11-3,전라북도 전주시 완산구 효자동2가 1227-2,효자5동,3458,35.81772136,127.1027981,신시가지 롯데마트 전주점 주차장,4,0,,,,,전라북도 전주시청,063-281-2378,2022-06-15
완산-60,전라북도,전주시 완산구,시도,,우전로,3,전라북도 전주시 완산구 우전로 260,전라북도 전주시 완산구 효자동2가 1227-3,효자5동,3458,35.81775047,127.1022718,세움펠리피아 (효자4동앞),4,0,,,,,전라북도 전주시청,063-281-2378,2022-06-15
완산-61,전라북도,전주시 완산구,시도,,우전로,3,전라북도 전주시 완산구 우전로 240,전라북도 전주시 완산구 효자동2가 1234-3,효자5동,3458,35.8163324,127.1025105,신시가지 롯데마트 전주점 정문,4,0,,,,,전라북도 전주시청,063-281-2378,2022-06-15
완산-62,전라북도,전주시 완산구,시도,,홍산로,3,전라북도 전주시 완산구 홍산로 261,전라북도 전주시 완산구 효자동2가 1239-2,효자5동,3458,35.81701632,127.1054861,신시가지BYC 앞,4,0,,,,,전라북도 전주시청,063-281-2378,2022-06-15
완산-117,전라북도,전주시 완산구,시도,,홍산로,3,,전라북도 전주시 완산구 효자동2가 1267,효자5동,3458,35.81521546,127.1059429,CGV복합상가 엠스퀘어주변,4,0,,,,,전라북도 전주시청,063-281-2378,2022-06-15
완산-69,전라북도,전주시 완산구,시도,,서곡로,3,전라북도 전주시 완산구 서곡로 95,전라북도 전주시 완산구 효자동3가 1406,효자5동,3458,35.83764616,127.1021215,세무서 앞,4,0,,,,,전라북도 전주시청,063-281-2378,2022-06-15
완산-70,전라북도,전주시 완산구,시도,,서곡로,3,전라북도 전주시 완산구 서곡로 63,전라북도 전주시 완산구 효자동3가 1458-1,효자5동,3458,35.83466022,127.1007163,서곡초교⇔세무서(본참치 앞),4,0,,,,,전라북도 전주시청,063-281-2378,2022-06-15
완산방-4,전라북도,전주시 덕진구,시도,,서곡7길,3,전라북도 전주시 완산구 서곡7길 30,전라북도 전주시 완산구 효자동3가 1474,효자5동,3458,35.83306061,127.1008952,서곡초등학교 정문,4,0,,,,,전라북도 전주시청,063-281-2378,2022-06-15
완산-103,전라북도,전주시 완산구,시도,,서곡5길,3,,전라북도 전주시 완산구 효자동3가 1493,효자5동,3458,35.83750465,127.1013539,서곡그랜드힐스턴호텔 주차장 앞,4,0,,,,,전라북도 전주시청,063-281-2378,2022-06-15
완산-71,전라북도,전주시 완산구,시도,,홍산로,3,전라북도 전주시 완산구 홍산로 276,전라북도 전주시 완산구 효자동3가 1525-2,효자5동,3458,35.8182318,127.1064553,도청앞 (로자벨시티빌딩 서),4,0,,,,,전라북도 전주시청,063-281-2378,2022-06-15
완산-72,전라북도,전주시 완산구,시도,,효자로,3,,전라북도 전주시 완산구 효자동3가 1525-5,효자5동,3458,35.81866228,127.1078474,도청앞 (로자벨시티빌딩 북),4,0,,,,,전라북도 전주시청,063-281-2378,2022-06-15
완산-73,전라북도,전주시 완산구,시도,,세내로,3,전라북도 전주시 완산구 홍산북로 83,전라북도 전주시 완산구 효자동3가 1526-2,효자5동,3458,35.81835354,127.1113605,코오롱스카이타워 뒤,4,0,,,,,전라북도 전주시청,063-281-2378,2022-06-15
완산-74,전라북도,전주시 완산구,시도,,홍산북로,3,전라북도 전주시 완산구 홍산북로 83,전라북도 전주시 완산구 효자동3가 1526-2,효자5동,3458,35.81835354,127.1113605,코오롱스카이타워 정문,4,0,,,,,전라북도 전주시청,063-281-2378,2022-06-15
완산-75,전라북도,전주시 완산구,시도,,홍산중앙로,3,전라북도 전주시 완산구 홍산4길 6,전라북도 전주시 완산구 효자동3가 1528-1,효자5동,3458,35.8182265,127.1093531,골든시티 빌딩(도시형주택)앞,4,0,,,,,전라북도 전주시청,063-281-2378,2022-06-15
완산-76,전라북도,전주시 완산구,시도,,홍산중앙로,3,전라북도 전주시 완산구 홍산중앙로 46,전라북도 전주시 완산구 효자동3가 1528-15,효자5동,3458,35.81760815,127.1093476,서부신시가지 이디야 커피앞,4,0,,,,,전라북도 전주시청,063-281-2378,2022-06-15
완산-126,전라북도,전주시 완산구,시도,,홍산북로,3,전라북도 전주시 완산구 홍산북로 45-12,전라북도 전주시 완산구 효자동3가 1529-2,효자5동,3458,35.81786292,127.1071613,효자스위트엠씨즈오피스텔,4,0,,,,,전라북도 전주시청,063-281-2378,2022-06-15
완산-77,전라북도,전주시 완산구,시도,,홍산북로,3,전라북도 전주시 완산구 홍산로 262,전라북도 전주시 완산구 효자동3가 1531-1,효자5동,3458,35.81723402,127.1064529,코아루성우아르데코 후문,4,0,,,,,전라북도 전주시청,063-281-2378,2022-06-15
완산-78,전라북도,전주시 완산구,시도,,홍산로,3,전라북도 전주시 완산구 홍산로 262,전라북도 전주시 완산구 효자동3가 1531-1,효자5동,3458,35.81723402,127.1064529,코아루성우아르데코 정문,4,0,,,,,전라북도 전주시청,063-281-2378,2022-06-15
완산-108,전라북도,전주시 완산구,시도,,세내로,3,전라북도 전주시 완산구 세내로 303,전라북도 전주시 완산구 효자동3가 1540-1,효자5동,3458,35.8172475,127.111374,신시가지 코아루해피트리 주변,4,0,,,,,전라북도 전주시청,063-281-2378,2022-06-15
완산-79,전라북도,전주시 완산구,시도,,홍산남로,3,전라북도 전주시 완산구 세내로 299,전라북도 전주시 완산구 효자동3가 1540-2,효자5동,3458,35.81685388,127.1113171,신원아침도시 정문,4,0,,,,,전라북도 전주시청,063-281-2378,2022-06-15
완산-80,전라북도,전주시 완산구,시도,,세내로,3,전라북도 전주시 완산구 세내로 299,전라북도 전주시 완산구 효자동3가 1540-2,효자5동,3458,35.81685388,127.1113171,신원아침도시 천변후문,4,0,,,,,전라북도 전주시청,063-281-2378,2022-06-15
완산-104,전라북도,전주시 완산구,시도,,홍산남로,3,전라북도 전주시 완산구 홍산남로 72,전라북도 전주시 완산구 효자동3가 1541-6,효자5동,3458,35.81557419,127.1097331,성우스퀘어주변,4,0,,,,,전라북도 전주시청,063-281-2378,2022-06-15
완산-81,전라북도,전주시 완산구,시도,,홍산중앙로,3,전라북도 전주시 완산구 홍산중앙로 22,전라북도 전주시 완산구 효자동3가 1541-7,효자5동,3458,35.81560458,127.1093198,서부신시가지 스타벅스 도청점 앞,4,0,,,,,전라북도 전주시청,063-281-2378,2022-06-15
완산-105,전라북도,전주시 완산구,시도,,홍산남로,3,전라북도 전주시 완산구 세내로 277,전라북도 전주시 완산구 효자동3가 1542-3,효자5동,3458,35.81496456,127.1113217,성우스퀘어주변,4,0,,,,,전라북도 전주시청,063-281-2378,2022-06-15
완산-97,전라북도,전주시 완산구,시도,,홍산북로,3,,전라북도 전주시 완산구 효자동3가 1555,효자5동,3458,35.81804837,127.106827,상공회의소 주변,4,0,,,,,전라북도 전주시청,063-281-2378,2022-06-15
완산-96,전라북도,전주시 완산구,시도,,홍산남로,3,,전라북도 전주시 완산구 효자동3가 1569,효자5동,3458,35.81671984,127.1096136,현대힐스테이트 주변(2),4,0,,,,,전라북도 전주시청,063-281-2378,2022-06-15
완산-95,전라북도,전주시 완산구,시도,,홍산남로,3,,전라북도 전주시 완산구 효자동3가 1571,효자5동,3458,35.8167262,127.1110633,현대힐스테이트 주변(1),4,0,,,,,전라북도 전주시청,063-281-2378,2022-06-15
완산-145,전라북도,전주시 완산구,시도,,황강서원로,3,,전라북도 전주시 완산구 효자동3가 1587,효자5동,3458,35.82918842,127.1051164,문학대공원 사거리,4,0,,,,,전라북도 전주시청,063-281-2378,2022-06-15
완산방-3,전라북도,전주시 덕진구,시도,,문학로,3,전라북도 전주시 완산구 문학로 30,전라북도 전주시 완산구 효자동3가 1614,효자5동,3458,35.82825061,127.1026766,문학초등학교 정문,4,0,,,,,전라북도 전주시청,063-281-2378,2022-06-15
완산-134,전라북도,전주시 완산구,시도,,유연로,3,전라북도 전주시 완산구 우전로 339,전라북도 전주시 완산구 효자동3가 1626-10,효자5동,3458,35.82491034,127.1016391,유연로 다이소 사거리,4,0,,,,,전라북도 전주시청,063-281-2378,2022-06-15
완산방-18,전라북도,전주시 덕진구,시도,,배학4길,3,전라북도 전주시 완산구 마전들로 30,전라북도 전주시 완산구 효자동3가 1685,효자5동,3458,35.82067207,127.0989525,홍산초등학교 (남),4,0,,,,,전라북도 전주시청,063-281-2378,2022-06-15
완산-93,전라북도,전주시 완산구,시도,,석산1길,3,전라북도 전주시 완산구 우전로 290,전라북도 전주시 완산구 효자동3가 1693-2,효자5동,3458,35.82033904,127.1025173,NH농협전북본부 주변,4,0,,,,,전라북도 전주시청,063-281-2378,2022-06-15
완산-94,전라북도,전주시 완산구,시도,,석산1길,3,전라북도 전주시 완산구 우전로 290,전라북도 전주시 완산구 효자동3가 1693-2,효자5동,3458,35.82033904,127.1025173,NH농협전북본부 주변,4,0,,,,,전라북도 전주시청,063-281-2378,2022-06-15
완산-82,전라북도,전주시 완산구,시도,,우전로,3,전라북도 전주시 완산구 효자로 161,전라북도 전주시 완산구 효자동3가 1693-5,효자5동,3458,35.81941556,127.1025662,웨스트빌 앞 사거리,4,0,,,,,전라북도 전주시청,063-281-2378,2022-06-15
완산-83,전라북도,전주시 완산구,시도,,석산1길,3,전라북도 전주시 완산구 효자로 161,전라북도 전주시 완산구 효자동3가 1693-5,효자5동,3458,35.81941556,127.1025662,웨스트빌 옆(동),4,0,,,,,전라북도 전주시청,063-281-2378,2022-06-15
완산-102,전라북도,전주시 완산구,시도,,천잠로,3,,전라북도 전주시 완산구 효자동3가 865-3,효자5동,3458,35.83827694,127.1000278,서곡그랜드힐스턴호텔 앞,4,0,,,,,전라북도 전주시청,063-281-2378,2022-06-15
